family,found,restored,alreadyCorrect,targetConflicts,independentFragments
o_acacia_door,30,30,0,0,0
o_bag,341,99,242,0,0
o_barrel,175,158,17,0,0
o_bench,31,31,0,0,0
o_birch_door,11,10,1,0,0
o_books,34,34,0,0,0
o_c001,74,74,0,0,0
o_c002,1,1,0,0,0
o_c008_1,1,1,0,0,0
o_c008_2,2,2,0,0,0
o_c008_3,2,2,0,0,0
o_c008_5,1,1,0,0,0
o_c028,204,204,0,0,0
o_c1491_a,3,2,1,0,0
o_c1491_b,3,2,1,0,0
o_c1491_c,3,2,1,0,0
o_c1680,1,0,1,0,0
o_c282,13,1,12,0,0
o_c471_a,4,0,4,0,0
o_c471_b,4,0,4,0,0
o_c474,10,10,0,0,0
o_c618,73,65,8,0,0
o_c654_a,35,35,0,0,0
o_carved_balustrade,1404,1404,0,0,0
o_cases_0,77,3,74,0,0
o_dark_oak_door,72,2,70,0,0
o_high_balustrade,1528,1528,0,0,0
o_ladder_01,8,8,0,0,0
o_ladder_03,4,0,4,0,0
o_lanterns,50,50,0,0,0
o_lightning_rod,41,0,41,0,0
o_oak_wood,29,0,29,0,0
o_ornate_balustrade,243,56,187,0,0
o_shuttered_window,411,411,0,0,0
o_stepped_balustrade,1145,1145,0,0,0
o_stone_curb,192,192,0,0,0
o_stone_railing,22723,2944,19779,0,0
o_wall_deco_1,4,0,4,0,0
o_wall_lantern,111,111,0,0,0
owner_00439e3747add5782574,1,1,0,0,0
owner_0090564fe64c8da565fe,4,4,0,0,0
owner_00a8d7060c9254d1f7b6,54,54,0,0,0
owner_00f250b46208f5befe27,1,1,0,0,0
owner_01315b82a4cec516aab1,36,36,0,0,0
owner_01392095f5ba0775293c,20,20,0,0,0
owner_018665c20fedd6e7dca3,3,3,0,0,0
owner_01ebf2f6869930b86076,1,1,0,0,0
owner_02425696db767770c745,303,303,0,0,0
owner_026b50e931b08eec34d7,15,15,0,0,0
owner_027cb94c949f4d1fff08,1,1,0,0,0
owner_0363fd8587d9a33779da,17,17,0,0,0
owner_0395c9b64762ceb1a79e,1,1,0,0,0
owner_03c759d5d651f81921a3,6,6,0,0,0
owner_0406356d682c8eea29cf,2,2,0,0,0
owner_04208228f4ab78ddfa51,4,4,0,0,0
owner_04a3b257cb0bce78ab49,519,519,0,0,0
owner_055842cce6d4e6410a54,4,4,0,0,0
owner_05f0ba5875bda6796cf9,6,6,0,0,0
owner_0615549e0d118d1de1ae,9,9,0,0,0
owner_06407bc8d4f45b3ae862,1,1,0,0,0
owner_06bb9b7f4dd992449939,1,1,0,0,0
owner_06c2b7587c15a1eafe82,26,26,0,0,0
owner_0751d2d488ad131e2317,17,17,0,0,0
owner_07b656dc028b98e2bcd8,30,30,0,0,0
owner_07f2daaad9e956b75c3b,1,1,0,0,0
owner_0863af0072c9be3b5556,1,1,0,0,0
owner_08a77820f2961332f123,1,1,0,0,0
owner_08af316267bb0b4a88d6,18,18,0,0,0
owner_08b79c58dcf498c34760,37,37,0,0,0
owner_0904ba39efe558d2037c,44,44,0,0,0
owner_092154368fbeb33e8e04,1,1,0,0,0
owner_09324671ba176fd9a203,1,1,0,0,0
owner_095d7619938f0b9bef9d,23,23,0,0,0
owner_09783d77ce864306203f,2,2,0,0,0
owner_09a6e077b75a9038f392,1,1,0,0,0
owner_0a2b7aec9b6871cdbd7e,101,101,0,0,0
owner_0acbb0112409b7b21e3a,1,1,0,0,0
owner_0aebbf382a07cafca6d3,3,3,0,0,0
owner_0afae65ab577cf2ac96f,5,5,0,0,0
owner_0b8943f189c42ccbda15,2,2,0,0,0
owner_0bcef7dca5d48749dad7,1,1,0,0,0
owner_0be0ab087398047e0b8d,2,2,0,0,0
owner_0be37d3105a21424d37b,1,1,0,0,0
owner_0c320f44dfc0d8a0cc22,9,9,0,0,0
owner_0c3c2f8172f9d09a777f,13,13,0,0,0
owner_0c527bff56247e7de5c2,6,6,0,0,0
owner_0c664b2cfe5a7d0431e8,29,29,0,0,0
owner_0ccdd0633a919441eba3,3,3,0,0,0
owner_0cd106450aaa50112b0a,23,23,0,0,0
owner_0cdf5e614dea957b3a89,413,413,0,0,0
owner_0ce4ec15ee4493f01334,2,2,0,0,0
owner_0cfd23d824dd96b639f3,4,4,0,0,0
owner_0d36a937f2c609122481,1,1,0,0,0
owner_0e59c97dacb8ac69f52a,165,165,0,0,0
owner_0ea43c05ad815026b25e,41,41,0,0,0
owner_0f9749abb29f3c0f4c93,1,1,0,0,0
owner_1033e2c76a721edc9cb7,6,6,0,0,0
owner_103c69237444338a3df4,217,217,0,0,0
owner_104fa390dd016a4d7b42,8,8,0,0,0
owner_107066ccfff86dbf71db,2,2,0,0,0
owner_10b6ce800db7711b7619,22,22,0,0,0
owner_10b766e92255c1bf3c31,33,33,0,0,0
owner_116c3ea91b4790e3b18c,71,71,0,0,0
owner_118bca561217ad5830da,7,7,0,0,0
owner_11960143dddcd659c2ff,19,19,0,0,0
owner_1219fec7563dbe3b4c26,1,1,0,0,0
owner_123d994dd6e05e32202f,31,31,0,0,0
owner_12afa8416b8467111d42,5,5,0,0,0
owner_1343c6e048289f46221a,2,2,0,0,0
owner_135a44ee3052e85c6d3b,1,1,0,0,0
owner_13c9c9120eb27a0853e7,28,28,0,0,0
owner_13e782b7579cb1354e1d,10,10,0,0,0
owner_13fb0a1e81eb367ddf15,2,2,0,0,0
owner_156e489d7a7a13e8dd00,30,30,0,0,0
owner_1638509882b06ddc9fe3,12,12,0,0,0
owner_169412c0bb4760633ff1,84,84,0,0,0
owner_16a22151abf9a02cd267,7,7,0,0,0
owner_16c5223d3d45e3ca0c5f,124,124,0,0,0
owner_16e2c26428ee1c03e17b,1,1,0,0,0
owner_16e9662f16953750f932,1,1,0,0,0
owner_16f071d8fa2867344e3f,12,12,0,0,0
owner_179d5a1439fdda7a870f,1,1,0,0,0
owner_17b3439a4382742fa9e2,1,1,0,0,0
owner_181abb0de8477239cbe9,42,42,0,0,0
owner_1869b0c4353322a7685b,47,47,0,0,0
owner_186fa72a4be82ded1e8f,5,5,0,0,0
owner_188474a4d53d47c3fcbe,2,2,0,0,0
owner_189a543a1dcdb026529f,2,2,0,0,0
owner_19a3494280882a4a3d17,11,11,0,0,0
owner_19aea2cd69d1345abd03,1,1,0,0,0
owner_19c5b1fda3c07e72e3dc,16,16,0,0,0
owner_19d283e96a4654b11024,54,54,0,0,0
owner_1a1743b00b0caf89a369,248,248,0,0,0
owner_1a6ab2736b4a7026904f,135,135,0,0,0
owner_1a81f9b466b5f4f75eb6,13,13,0,0,0
owner_1b3acd447517d9b960b6,1,1,0,0,0
owner_1b6f723fadedbe5aa45d,1,1,0,0,0
owner_1b9d0537c800e3cb993e,109,109,0,0,0
owner_1bf9adf32c72ca3dcfbf,47,47,0,0,0
owner_1c155c1402fa3524dc54,1,1,0,0,0
owner_1c76d6295255c3f94c94,6,6,0,0,0
owner_1c8b2d30a2db6c5142a4,1,1,0,0,0
owner_1d3f6d4425e30150827d,1,1,0,0,0
owner_1da9e1d3f65d409703ad,7,7,0,0,0
owner_1dde869313860a5d8238,23,23,0,0,0
owner_1de54f9e8093056aaa1b,226,226,0,0,0
owner_1e11b49c021287a76483,9,9,0,0,0
owner_1e4f3723cf6321498ace,8,8,0,0,0
owner_1ea747c29188405aa243,11,11,0,0,0
owner_1ec809bd28b44bbdbb6e,1,1,0,0,0
owner_1f9bb67564eff0c267b8,258,258,0,0,0
owner_1fa4de3d79cc068a8fc6,7,7,0,0,0
owner_1fac20822fe5e3804bcf,2,2,0,0,0
owner_1fc04f91b6dcda32af66,1,1,0,0,0
owner_1fd8c647dbbca4f24ad9,12,12,0,0,0
owner_205fc9e9d8dc1b8bac17,2,2,0,0,0
owner_20a637edebc969fd4ace,5,5,0,0,0
owner_20d0dcf07831c56c6e4a,7,7,0,0,0
owner_2155edd4fadd7bd1690b,1,1,0,0,0
owner_2177c2b04e68648e6190,4,4,0,0,0
owner_21b40562a8a75b1ad971,2,2,0,0,0
owner_224a6d509ca170238ad2,1,1,0,0,0
owner_22791aa84d6b4c3e10a2,7,7,0,0,0
owner_22d069b267422b9c040f,4,4,0,0,0
owner_22fada6983b624f07fed,1809,1809,0,0,0
owner_237c1a1cabc03dcf4235,5,5,0,0,0
owner_243c8a7013a5d6eacc3a,2,2,0,0,0
owner_2499cd4b9aae777b518f,37,37,0,0,0
owner_253546db2bcc3351b0f1,3,3,0,0,0
owner_2539e26545e5147d260f,35,35,0,0,0
owner_2631747ac75936210d96,6,6,0,0,0
owner_267a97323a8644896d69,1,1,0,0,0
owner_269f9df5e16db840b73a,14,14,0,0,0
owner_2830f0cafd907b424523,6,6,0,0,0
owner_284a70d7a35803746918,11,11,0,0,0
owner_28538f9103b2e3251b25,15,15,0,0,0
owner_290ab3a242c93d7e47d5,5,5,0,0,0
owner_29376f0000287fe0df44,7,7,0,0,0
owner_293f219d84ba6bafc648,2,2,0,0,0
owner_2947c2f3197400da7fa5,2,2,0,0,0
owner_294adc326c145748cb80,1,1,0,0,0
owner_296502331597f46acac4,1,1,0,0,0
owner_2970bd8a3360140760f2,21,21,0,0,0
owner_298073b7db359289530d,6,6,0,0,0
owner_29e23f5b0fb600546a6b,1,1,0,0,0
owner_2a1f0ccb42f39169d9f7,4,4,0,0,0
owner_2a583339a5df5717eb1e,2,2,0,0,0
owner_2b60e6aa75586f9d1185,11,11,0,0,0
owner_2b64e87b59630f6b2b7b,13,13,0,0,0
owner_2bdd0a19332a284a3712,7,7,0,0,0
owner_2c4ce8266fb23e74435c,19,19,0,0,0
owner_2c7c8ce419c172614c19,11,11,0,0,0
owner_2da23dec4d4c57e3c2cb,9,9,0,0,0
owner_2e89218f537000ea9443,1,1,0,0,0
owner_2f04aacd1af258a6341e,16,16,0,0,0
owner_2f667ef5fc059c60cf4a,10,10,0,0,0
owner_2f8b367d0cce963a05de,9,9,0,0,0
owner_2fd3d7677843da055fda,1,1,0,0,0
owner_2fe32b8b63d88cc43c30,1,1,0,0,0
owner_3000d927d98c533839be,8,8,0,0,0
owner_3013a80f634328a8e82d,30,30,0,0,0
owner_30e75b37d9e4909463d3,1,1,0,0,0
owner_311890bd5e35a0a92e56,13,13,0,0,0
owner_3145f5922fd7545a5785,4,4,0,0,0
owner_31cf24a965fda5443eaa,1,1,0,0,0
owner_3220bfd20cd16cf77a67,13,13,0,0,0
owner_322c2fa4785a555401f5,2,2,0,0,0
owner_3256042d6f827a2c0585,14,14,0,0,0
owner_32dc66a6e819fe19c3b8,98,98,0,0,0
owner_3331ef9d13c7c70bd1d1,2,2,0,0,0
owner_33a98fb85e0e80b63de3,5,5,0,0,0
owner_34310e95a40071edb89e,42,42,0,0,0
owner_34d90923384f307ed186,13,13,0,0,0
owner_351ab7987d7bc0d8a818,6,6,0,0,0
owner_35c13e4964de9819d9fb,11,11,0,0,0
owner_36ab8ecf82a9d28cf904,3,3,0,0,0
owner_3700d832e85f2ae03693,13,13,0,0,0
owner_37156166d46e9f29ef46,2,2,0,0,0
owner_37274b4bbedf3542aa98,3,3,0,0,0
owner_375a0e830a6b17741fc7,2,2,0,0,0
owner_37843b69fdf707b8e23f,1,1,0,0,0
owner_37a4b54bc203d9fe9fb7,1,1,0,0,0
owner_37e63ef22361d4494f10,4,4,0,0,0
owner_38890f21a801895ea103,1,1,0,0,0
owner_3899dc2332fb2ba4c126,5,5,0,0,0
owner_38a937d30f8de564870f,16,16,0,0,0
owner_397515f5a71ff4102a9d,3,3,0,0,0
owner_39c50e2edae2746275bb,3,3,0,0,0
owner_3a22887c270ed2db550d,15,15,0,0,0
owner_3a2e2bf2fe12cbd47423,1,1,0,0,0
owner_3add503eb4663496735d,5,5,0,0,0
owner_3b044447f02709e21bb4,2,2,0,0,0
owner_3b5d75d9396b8bd38e3b,28,28,0,0,0
owner_3b7f73c12ea45a7ddb34,2,2,0,0,0
owner_3c6f9490ed33af92a358,11,11,0,0,0
owner_3cb688ac46909d9be14d,1,1,0,0,0
owner_3cf8a7d0f4fab9ac89d2,29,29,0,0,0
owner_3d3ed1260fced444bb18,1,1,0,0,0
owner_3d41521d4acc184445e4,1,1,0,0,0
owner_3dc25c9c70de2a07f122,1,1,0,0,0
owner_3e33fa7adccc0f3c6232,6,6,0,0,0
owner_3e5d633be189ec718752,44,44,0,0,0
owner_3f2a4e4ae2d407ef9a7e,6,6,0,0,0
owner_3f43cea1b0e51ec96eee,1,1,0,0,0
owner_3f565fba9759efd8a739,4,4,0,0,0
owner_404db3e33d08d4c4aa2b,1,1,0,0,0
owner_40609f5766c5bbb3fcc8,2,2,0,0,0
owner_406419f1737ffa00b36e,4,4,0,0,0
owner_41622035d2ec69e60433,12,12,0,0,0
owner_41ff2e0aa67545bf65b8,1,1,0,0,0
owner_42016d88ab92dca28f8a,61,61,0,0,0
owner_426ebbbf8f2b62ae319c,1,1,0,0,0
owner_428ad9bf9cebef6e910b,214,214,0,0,0
owner_429ea1dbf6ec4e42051b,104,104,0,0,0
owner_42afcc7f0a09ff7336cc,3,3,0,0,0
owner_42ba735a65811d4bd074,12,12,0,0,0
owner_431f48144e8012df6c67,4,4,0,0,0
owner_43b3f8a909c35a08f576,86,86,0,0,0
owner_4408b078aeb6bad5b9a0,2,2,0,0,0
owner_448a32ff9ca9643df943,4,4,0,0,0
owner_45cdce11f2b7aa4333b2,13,13,0,0,0
owner_45df1cbe14e4b642b1a7,1,1,0,0,0
owner_460b40bbc572eddb3b79,1,1,0,0,0
owner_46543f68fa4126232904,1,1,0,0,0
owner_46cdf58172009417aeba,84,84,0,0,0
owner_47135ad7e9a43c85bbcc,8,8,0,0,0
owner_47138915148c9fb426a8,11,11,0,0,0
owner_475d0970ca406c7c2ad5,1,1,0,0,0
owner_4762fd59151f9d75ce08,1,1,0,0,0
owner_47d8256dd3121888d2fa,12,12,0,0,0
owner_481d166802839006a63e,2,2,0,0,0
owner_489c263ae49cccde41ea,1,1,0,0,0
owner_48ade0274bb0a85e3224,2,2,0,0,0
owner_4a0fb3c23727ed9c2c2c,57,57,0,0,0
owner_4a1cc72b9ea20850d891,2,2,0,0,0
owner_4a85a25bc0071ad4081e,1,1,0,0,0
owner_4b225e816d7c2df3dc7a,2,2,0,0,0
owner_4b425aa700d0732c7d94,1,1,0,0,0
owner_4b57b42e20c2e5ed1758,27,27,0,0,0
owner_4b779a1b3a423b9f2df2,28,28,0,0,0
owner_4bdde48c7f20037ce974,14,14,0,0,0
owner_4ca2cfd91c50b387d312,605,605,0,0,0
owner_4cf9c0247f2edaf0cb2d,4,4,0,0,0
owner_4d528cb1ff767a8265ee,8,8,0,0,0
owner_4daea361c8116e62f03b,2,2,0,0,0
owner_4e4668044138b73ad280,1,1,0,0,0
owner_4e595a467e8f27475a5d,26,26,0,0,0
owner_4ea03bd96de01a1264f2,1,1,0,0,0
owner_4eb061346fcfe714cb3c,1,1,0,0,0
owner_4f3e730454d0e77442ba,4,4,0,0,0
owner_50171845f3d92c461077,3,3,0,0,0
owner_5071a02a3096d9d9820f,4,4,0,0,0
owner_519706b1776fd30dcdd1,14,14,0,0,0
owner_51bdb5a70cc6b4f48703,15,15,0,0,0
owner_51e3e2f1474bfa6dbeac,10,10,0,0,0
owner_51e95b395bea94ef71c2,3,3,0,0,0
owner_52cc494df261c825e46a,89,89,0,0,0
owner_534e6e98e25d79519e6b,26,26,0,0,0
owner_537622d818032c8137ca,9,9,0,0,0
owner_53bff1795427f0bb54bb,5,5,0,0,0
owner_53e58987698a7c96e613,45,45,0,0,0
owner_53f1766cbd581c555217,3,3,0,0,0
owner_5410c8a255d2e4652888,3,3,0,0,0
owner_54116a7153dd5f6db6a6,1,1,0,0,0
owner_542d91387fb0d22daa4e,1,1,0,0,0
owner_544e2dbd27f4d403ec63,120,120,0,0,0
owner_54de013ae0e59c24bab6,1,1,0,0,0
owner_54e4c15c3e63c5952e73,23,23,0,0,0
owner_55d5fc680b6062caa308,2,2,0,0,0
owner_560deba65aa29b9c596f,40,40,0,0,0
owner_562b9a7203599f631869,1,1,0,0,0
owner_5643dd33df12e0954261,5,5,0,0,0
owner_564624cc31c5125bee6f,17,17,0,0,0
owner_56980925ed48150aa44d,2,2,0,0,0
owner_56a858daacf30e56e3c1,2,2,0,0,0
owner_56d9da5fe24b0d763d8e,9,9,0,0,0
owner_56e3cfe7fdc486b9d688,32,32,0,0,0
owner_56e69c20cf2292197d3e,6,6,0,0,0
owner_570c5b9487a3a06c5ded,3,3,0,0,0
owner_570e1127b90cf0838299,2,2,0,0,0
owner_57829cc7c8a65661ff49,25,25,0,0,0
owner_57a9f2a3d45374dd2255,2310,2310,0,0,0
owner_584e95e464077e7cc4f3,3,3,0,0,0
owner_58bccf82adec219c90f0,119,119,0,0,0
owner_591338d0030b5756b29d,4,4,0,0,0
owner_59881ccab4c7ae3f3e3d,5,5,0,0,0
owner_599bd602257b84a68e28,1,1,0,0,0
owner_59bfbe66d524272f5e82,7,7,0,0,0
owner_59df0db66507e2149cf7,1,1,0,0,0
owner_5a887fa51fcfc3808e17,7,7,0,0,0
owner_5a888049b788f174c430,697,697,0,0,0
owner_5b4aa26094adce6ce6eb,3,3,0,0,0
owner_5b8168bf7bc43e82a241,3,3,0,0,0
owner_5b82c738b2a92c969d3f,7,7,0,0,0
owner_5b9a0150f69992654403,1,1,0,0,0
owner_5bc0955e725d0b823b5c,3,3,0,0,0
owner_5c1aa15f58a1c00dbd67,19,19,0,0,0
owner_5c83cc0d24e6b4e694fc,9,9,0,0,0
owner_5cc7d873e5a85f6bf500,2,2,0,0,0
owner_5d80a4798a5ff43e5be2,4,4,0,0,0
owner_5e032bc7fc24bdbfc438,3,3,0,0,0
owner_5e17f3e9980907d70127,2,2,0,0,0
owner_5e4c732e9234eebe8c21,2,2,0,0,0
owner_5ef3b35f82f64aa4fc2f,20,20,0,0,0
owner_5fef8a57439485f836c7,1,1,0,0,0
owner_6013f02c35db27a428b5,2,2,0,0,0
owner_603f3e045e9b43c9a40f,6,6,0,0,0
owner_608b691eef3bc6685d87,13,13,0,0,0
owner_60e8d78d18b83d59de85,14,14,0,0,0
owner_60fe45b7abea350f6c46,6,6,0,0,0
owner_61a3ee5e7a4eb8aa2aed,56,56,0,0,0
owner_62caf34731e2129da972,4,4,0,0,0
owner_62deaf622f5388363b49,8,8,0,0,0
owner_63c0f94db5fc38904b78,6,6,0,0,0
owner_6422abf98cc379316105,5,5,0,0,0
owner_6439d620d4706794a342,8,8,0,0,0
owner_645ab2f0b861110d416d,2,2,0,0,0
owner_65170d97e66dcf105fe1,2,2,0,0,0
owner_656a812f6900d012c8a1,4,4,0,0,0
owner_659268f61452da42553a,2,2,0,0,0
owner_65e3228e1e3ee850522a,2,2,0,0,0
owner_6630edd61659fe5daf5c,5,5,0,0,0
owner_6688681ab278f5081ce0,6,6,0,0,0
owner_66b27973889112e263c7,5,5,0,0,0
owner_67505cd213c8b8f7a608,1,1,0,0,0
owner_6774d835d7c5499796e3,9,9,0,0,0
owner_67f72bad9254ca7d5073,6,6,0,0,0
owner_6849d6a6883195b36d7d,172,172,0,0,0
owner_6877d9afe85ccf499b60,2,2,0,0,0
owner_69f83ade92a5352d912e,4,4,0,0,0
owner_6a14bf49db73111e1bb4,3,3,0,0,0
owner_6a3cb9e556c51c9b714a,5,5,0,0,0
owner_6aa1758fcfb997e623e5,74,74,0,0,0
owner_6b02efb4790eec774250,1,1,0,0,0
owner_6b67cbc77e96cc76d136,28,28,0,0,0
owner_6b8aaa85d2866bbfdee9,1,1,0,0,0
owner_6ba0b3d1d778d001cbd2,127,127,0,0,0
owner_6bb804c992d82f5492bf,1,1,0,0,0
owner_6bcb5db3b3fb8b2e7ad9,1,1,0,0,0
owner_6bcc257ddf8eeb63799d,100,100,0,0,0
owner_6be9c78a87c683bb45ec,1,1,0,0,0
owner_6c64a18df553d50608da,3,3,0,0,0
owner_6cea7dbd3f1fb0d2bf98,4,4,0,0,0
owner_6d7ac1ee4b42be9daf1a,4,4,0,0,0
owner_6dc9a421e61a3541325d,5,5,0,0,0
owner_6de1e1e928811ecf2039,5,5,0,0,0
owner_6df12c45692693a07c7a,12,12,0,0,0
owner_6e166138aa9bdab04c84,2,2,0,0,0
owner_6e629a27fb1b36fbb75d,1,1,0,0,0
owner_6ea274b82c5a2caa8d47,30,30,0,0,0
owner_6f4bdcaec33297b5dcdd,5,5,0,0,0
owner_6fa7f61f232518897695,2,2,0,0,0
owner_6fc7ff009b84c04adea8,22,22,0,0,0
owner_6fcdbea647a30dc959e6,1,1,0,0,0
owner_701a986234b5f017588f,15,15,0,0,0
owner_70743344a83da7145cc4,5,5,0,0,0
owner_70ec1d56a5808de6321e,2,2,0,0,0
owner_7108f158ab8480283cb3,72,72,0,0,0
owner_71f00af49cfeb07ac22e,14,14,0,0,0
owner_723563bf6e480c2f3470,8,8,0,0,0
owner_72a3e60bda9af0895362,32,32,0,0,0
owner_7382ad3e0b6d64d5ea22,31,31,0,0,0
owner_73d96292f7bd1efedbd7,7,7,0,0,0
owner_7466ceb410730867f952,58,58,0,0,0
owner_748a639b24d74f545fb5,17,17,0,0,0
owner_74948c3cfeb7416b222b,23,23,0,0,0
owner_75220a1e089d7dfa8053,3,3,0,0,0
owner_7593bc5786068d902ba5,11,11,0,0,0
owner_7599304bdcc75297f7b1,4,4,0,0,0
owner_75afc1be601ce3952239,34,34,0,0,0
owner_7639de08dbc32b178f34,3,3,0,0,0
owner_7670d31a7da93977122b,3,3,0,0,0
owner_768ded0a462401173113,1,1,0,0,0
owner_769486c00a0e5810d741,7,7,0,0,0
owner_769ccf76bb9e7a9ed14e,1,1,0,0,0
owner_76c5e55b4acbbfcc75ff,67,67,0,0,0
owner_76dc1f16d56aa3167a64,1,1,0,0,0
owner_7757329498785d1f680e,32,32,0,0,0
owner_779f9d9b69c5bcd88a15,47,47,0,0,0
owner_77b68a6694510efcc03e,8,8,0,0,0
owner_77cbdf64c6946a1794b5,2,2,0,0,0
owner_7810892d965b5a6159f9,2,2,0,0,0
owner_78366144432fb6cbee45,1,1,0,0,0
owner_7836adf4bd9da0e6d974,63,63,0,0,0
owner_787c030333065e921356,3,3,0,0,0
owner_78fdf8a4feed654b1645,4,4,0,0,0
owner_792b9460866661e7ca02,2,2,0,0,0
owner_797b36767bfd29bb6c37,64,64,0,0,0
owner_7995b1c8c5cc537f41cf,33,33,0,0,0
owner_79b5688f0effe4cd7353,169,169,0,0,0
owner_79c0f417a2438b330545,5,5,0,0,0
owner_7a51ebd4a8a70e3f45e8,8,8,0,0,0
owner_7a5ab628f6a68c57c68b,29,29,0,0,0
owner_7a8f8f442ba0ee2c1723,8,8,0,0,0
owner_7b508e19234cf8dd05d2,6,6,0,0,0
owner_7bd3bd40f76588ba60c8,1,1,0,0,0
owner_7bdb87c72345ffe859a4,7,7,0,0,0
owner_7c751c6dfff0f0575449,1,1,0,0,0
owner_7c809c72587ee0956692,244,244,0,0,0
owner_7cba964dee48a1b07cbd,2,2,0,0,0
owner_7d2932ea0d6b254f1953,12,12,0,0,0
owner_7df240d9484e070a64aa,37,37,0,0,0
owner_7f517e31e2f8888dcd10,6,6,0,0,0
owner_80d422531e5865be8999,1,1,0,0,0
owner_80d4d4532dd22905660f,5,5,0,0,0
owner_81352c4478ec48f9d4c4,4,4,0,0,0
owner_81428d112cb5fbdd7102,2,2,0,0,0
owner_814cbb98890cbded871d,1,1,0,0,0
owner_817bf5f5c44389802f63,32,32,0,0,0
owner_81b97b18b845f4ce7483,77,77,0,0,0
owner_81ed2fa10c05153d2750,38,38,0,0,0
owner_8202a802e27d3ac4e712,170,170,0,0,0
owner_828881ff24c08fb50ed5,1,1,0,0,0
owner_82bf67084c0bd7823224,6,6,0,0,0
owner_836a711e0ae16dd802a7,2,2,0,0,0
owner_83b4a2673e38e5a732cf,18,18,0,0,0
owner_84e750854d04e06df3b6,1,1,0,0,0
owner_8519f8a1623a4e16d905,3,3,0,0,0
owner_859472ec717ffeaea783,21,21,0,0,0
owner_861235f3ac1d1a56bff7,1,1,0,0,0
owner_87088bbe918b0cbdf7fd,4,4,0,0,0
owner_8732b1f693a4c9f2afe5,1,1,0,0,0
owner_875c0d8d6644d628d7dc,14,14,0,0,0
owner_87b6354b7f1185389d10,3,3,0,0,0
owner_87de8be70795664ba4b5,65,65,0,0,0
owner_88600fdb7ddb8bec059e,14,14,0,0,0
owner_899d18721f3b93246ef5,25,25,0,0,0
owner_8a1135a7dfd91cb36b9b,7,7,0,0,0
owner_8a41f16906e0a029b97a,1,1,0,0,0
owner_8b4874cf53a9f98718d7,5,5,0,0,0
owner_8b8f77b21f23e19235e9,8,8,0,0,0
owner_8b979639863d24ac29b5,7,7,0,0,0
owner_8b999b9575421d249125,1,1,0,0,0
owner_8bebc8bd71545936784e,11,11,0,0,0
owner_8c4f7181943c25b3987a,3,3,0,0,0
owner_8c64b683adbe487d36f9,4,4,0,0,0
owner_8cc3312bf2bd1fce1f80,7,7,0,0,0
owner_8cc344a46e36bfd7b869,1,1,0,0,0
owner_8cc81769477a63159fc6,1,1,0,0,0
owner_8cd2f83abd9fdc094eb0,3,3,0,0,0
owner_8d56e19637f71bf9fb78,9,9,0,0,0
owner_8da00c1e293bb70842dc,4,4,0,0,0
owner_8defaf07666e66edca08,1,1,0,0,0
owner_8ea0fe91321ccaf71b8b,15,15,0,0,0
owner_8f880056881570ee571d,2,2,0,0,0
owner_8fb6bda18f16dbf1f3a6,6,6,0,0,0
owner_8fea137f60f6b802a87f,132,132,0,0,0
owner_90005a8fd80345949034,12,12,0,0,0
owner_9005aa2301111b0f9eca,1,1,0,0,0
owner_901761417d3d6a05c117,3,3,0,0,0
owner_9033d9996e5663a00a91,3,3,0,0,0
owner_90bb242ad2eba50b8976,2,2,0,0,0
owner_90e8af9e57e385679fc8,2,2,0,0,0
owner_90fdb619fcfcb9840979,6,6,0,0,0
owner_9127c1b235fb90274707,24,24,0,0,0
owner_91c4a3b560a16adc9139,1,1,0,0,0
owner_91dd49e085ce9b8ff77d,36,36,0,0,0
owner_92fc91274754886ff808,1,1,0,0,0
owner_941be873b3dc786b46e1,24,24,0,0,0
owner_946ff11ece55e573d872,35,35,0,0,0
owner_94a281a5311460c619a8,1,1,0,0,0
owner_94eed2f3d3743543ead6,2,2,0,0,0
owner_951a39dfc11008cb8b96,4,4,0,0,0
owner_95aa798111ddb9040fea,14,14,0,0,0
owner_95b50fe7b96838499360,1,1,0,0,0
owner_95c88aa3a33187f8fdb9,32,32,0,0,0
owner_96e2782bb8f255f6cd2a,2,2,0,0,0
owner_970c0704e4aabb661038,7,7,0,0,0
owner_975d81bbb62ca1138dc5,6,6,0,0,0
owner_97aa1914694139577e7e,20,20,0,0,0
owner_9898ac0d3a28d1c6c3f0,7,7,0,0,0
owner_98a55f20c0d5a95184a6,1,1,0,0,0
owner_98edcc462e42911fabba,108,108,0,0,0
owner_99145154ba759ac2839b,5,5,0,0,0
owner_99794f71f672da59aac3,34,34,0,0,0
owner_99d5294bacd7a2114697,98,98,0,0,0
owner_9a132334427030ef0af7,55,55,0,0,0
owner_9a2f95e418e86c72ab77,10,10,0,0,0
owner_9a3cec4655474abe120c,6,6,0,0,0
owner_9a978a494429a15984c9,3,3,0,0,0
owner_9a9c72f44afe86abbef7,32,32,0,0,0
owner_9ac48818f8e6becde548,35,35,0,0,0
owner_9ac7efe9c65a700d10b3,9,9,0,0,0
owner_9b3ffe0b2156b73eea29,27,27,0,0,0
owner_9b467d00ca11666ae6cd,3,3,0,0,0
owner_9bf30661c1b8a3b3334e,8,8,0,0,0
owner_9c084147cd522c54c982,13,13,0,0,0
owner_9c3f7cb9baeb8a719eb4,2,2,0,0,0
owner_9c982f27112dad3e70db,16,16,0,0,0
owner_9cacec96e0d4bd436323,1,1,0,0,0
owner_9cbe6beef92aaf6bba57,18,18,0,0,0
owner_9d8e34626fee3720eda7,1,1,0,0,0
owner_9d93a20506b3bd269158,16,16,0,0,0
owner_9ded66fe6c91a8ed04bd,23,23,0,0,0
owner_9e3493e421fe25af3878,20,20,0,0,0
owner_9e6baa0d3744336d67ad,4,4,0,0,0
owner_9f1ace8f15b46f230d8f,1,1,0,0,0
owner_9f375813b1e1339ecc1c,2,2,0,0,0
owner_9f4cf46f2a3ac4208f4f,4,4,0,0,0
owner_9f72d9649580599afc6d,1,1,0,0,0
owner_9f807d7a904ce2ad2ea6,50,50,0,0,0
owner_a05cb8b609723e40a867,1,1,0,0,0
owner_a0748648139bf6ad2941,36,36,0,0,0
owner_a095a1aca5d2708420a4,1,1,0,0,0
owner_a135d06cad0518eebf5f,36,36,0,0,0
owner_a13ed2eda5e6d7486a1b,1,1,0,0,0
owner_a14e02a9d0c5c8c9952b,49,49,0,0,0
owner_a1e3bc472fab4f2f89de,11,11,0,0,0
owner_a1ee21146a6c81db83f3,1,1,0,0,0
owner_a21fa011ee29b0e65395,7,7,0,0,0
owner_a3005fcb75caca7509c6,72,72,0,0,0
owner_a3309f77bbb07eff5c24,10,10,0,0,0
owner_a33ff0637e01d6a88e9f,38,38,0,0,0
owner_a36e443d255c53b40d0f,1,1,0,0,0
owner_a403418d3d1033abfc61,3,3,0,0,0
owner_a4084c9a11fa60385d61,7,7,0,0,0
owner_a40e6555ad764adc9302,13,13,0,0,0
owner_a45f18eb3b96a1bd8033,1,1,0,0,0
owner_a4f993ed8c4c5ae9cf36,15,15,0,0,0
owner_a5a9f0bb1c32a4d33da7,1,1,0,0,0
owner_a631fe463a1af9f0fe4e,220,220,0,0,0
owner_a65a0845dcf72d297a39,2,2,0,0,0
owner_a66f27edcb1f9a3e6873,100,100,0,0,0
owner_a8724a5e86a2722803d3,1,1,0,0,0
owner_a8834ab57c5b97387bb6,6,6,0,0,0
owner_a89e89eb401b406a4f78,102,102,0,0,0
owner_a8d4448e881a58da117c,28,28,0,0,0
owner_a8f23b0d962a7e75c2b1,1,1,0,0,0
owner_a91a2d283c61221d3e39,2,2,0,0,0
owner_a9ab84e0cc95c05c3d60,3,3,0,0,0
owner_aa30053b607dcf6e98ca,33,33,0,0,0
owner_aa56cd087419eebedc2f,151,151,0,0,0
owner_aa60ef905ceb5aec85a6,1,1,0,0,0
owner_aa68a527de2436afb446,1,1,0,0,0
owner_abb2e6eb0abed97b8361,2,2,0,0,0
owner_ac58e925bf2ab55b163a,1,1,0,0,0
owner_ac5907c2f8a2919f3197,11,11,0,0,0
owner_ac9391ac6a621cffa682,69,69,0,0,0
owner_aca7e0e9c9db5357ecdd,5,5,0,0,0
owner_ace0eb64ec850df56007,16,16,0,0,0
owner_ad0e6403eacc2a87b265,1,1,0,0,0
owner_adcfc1e5f01cab9a7a4e,109,109,0,0,0
owner_ae4a741d12a8b01c8413,11,11,0,0,0
owner_af03d804fca0479ddd82,12,12,0,0,0
owner_af054523111ecb8e597f,47,47,0,0,0
owner_af856f9cace5bd4e8fe0,34,34,0,0,0
owner_af87ce5832a058df692e,80,80,0,0,0
owner_afc20d9f4f99596a4fee,1,1,0,0,0
owner_b053723f1805483186c5,1,1,0,0,0
owner_b08af5b2bf33909dc67b,1,1,0,0,0
owner_b162e487f765d4308a67,1,1,0,0,0
owner_b171c449e99a739082ba,1,1,0,0,0
owner_b1f05f8f483ecd8aa978,1,1,0,0,0
owner_b26ef8261227bc962634,1,1,0,0,0
owner_b2d637806e9bc82f6c5e,7,7,0,0,0
owner_b2d6f60072f8341d9942,12,12,0,0,0
owner_b2e65fb6b7a0930f973f,4,4,0,0,0
owner_b3420a0e4506663c1e59,75,75,0,0,0
owner_b35a76bd43b34e2e4dda,1,1,0,0,0
owner_b392f0f4bf02f5a642ff,8,8,0,0,0
owner_b3bed3b97893409eef3f,23,23,0,0,0
owner_b46da8db022a878bf303,1,1,0,0,0
owner_b479a7239f07e7122a97,9,9,0,0,0
owner_b4834be0db075beec0a9,69,69,0,0,0
owner_b4c63a612124a28ad0a2,1,1,0,0,0
owner_b51dbb3b185b2c8c4f98,4,4,0,0,0
owner_b54ef4731e04ebac8759,1,1,0,0,0
owner_b57e320309507048b7dd,46,46,0,0,0
owner_b581523192dfb935287b,25,25,0,0,0
owner_b5cc8bbbc0d3d71aff4d,18,18,0,0,0
owner_b5d4d0b8866e4418e1bf,13,13,0,0,0
owner_b6006563c5087f3ab43a,2,2,0,0,0
owner_b6bed7aabd543552b45c,1,1,0,0,0
owner_b74baabfdb4bf02f90bc,3,3,0,0,0
owner_b7bb109abaaaa071d883,5,5,0,0,0
owner_b7ee73b13a7ce3ea6dca,2,2,0,0,0
owner_b82d97998adae3d86a49,10,10,0,0,0
owner_b8397050a566550329cd,19,19,0,0,0
owner_b89248f55037aa99327e,1,1,0,0,0
owner_b8ebfc70988e9143b27b,9,9,0,0,0
owner_b9e920eea924a12bb15e,1,1,0,0,0
owner_ba953e052448eeb65f56,1,1,0,0,0
owner_bb38641d75492b8759e1,173,173,0,0,0
owner_bb6c80e3f60f59582a58,2,2,0,0,0
owner_bb8d89743a88f46082c1,2,2,0,0,0
owner_bb96e62602d8c3950429,1,1,0,0,0
owner_bc3bf585399bb76647ef,20,20,0,0,0
owner_bc3fa8344f234d581237,2,2,0,0,0
owner_bcbe891199e2a2f42d64,19,19,0,0,0
owner_bd518444589f163cdfa0,511,511,0,0,0
owner_bd7856d1d1a3e7a027b0,1,1,0,0,0
owner_be49af9578bad6db23ef,84,84,0,0,0
owner_be5da8c1e0813bb416a7,3,3,0,0,0
owner_bec7a02552d73bac7839,11,11,0,0,0
owner_bf353f3a4aebaa67358d,7,7,0,0,0
owner_bf576617b52befe0ca84,6,6,0,0,0
owner_bf7b7eb5a4caf0ac64fa,81,81,0,0,0
owner_bf8ffa957da29257928f,25,25,0,0,0
owner_bfa04a0123187a9d29a7,4,4,0,0,0
owner_bfc4a85c5b995dcaaced,36,36,0,0,0
owner_c0c561a6ec306e52c298,4,4,0,0,0
owner_c16044757952c1259fb4,9,9,0,0,0
owner_c17d416b7a2d0a001bb7,3,3,0,0,0
owner_c2075500f2e367343a2d,6,6,0,0,0
owner_c328f257f0de3720e8ea,16,16,0,0,0
owner_c38308612808c3b10939,1,1,0,0,0
owner_c44082e70d518248a6fe,2,2,0,0,0
owner_c4945e6ad3fbe7001b18,25,25,0,0,0
owner_c5283a9173b7be295866,8,8,0,0,0
owner_c59c1571b05a01335315,2,2,0,0,0
owner_c5c2856e465163a083f0,2,2,0,0,0
owner_c5d3003499bd56581d22,9,9,0,0,0
owner_c5d7d8ced3e0ebfbfa2b,9,9,0,0,0
owner_c5fbf550e4daa403a0bf,39,39,0,0,0
owner_c6756edaf022f07d7858,5,5,0,0,0
owner_c6ab2f20b3a480fad49f,4,4,0,0,0
owner_c70db2404fe529bac538,6,6,0,0,0
owner_c743b9802886f5e6ee58,21,21,0,0,0
owner_c796cdf0b98ae4e0046b,26,26,0,0,0
owner_c7b0dc77301b8a764a36,5,5,0,0,0
owner_c7dce68147a89b9e0864,96,96,0,0,0
owner_c86c44809289538aa8e3,8,8,0,0,0
owner_c87bf779caa40cfafa21,1,1,0,0,0
owner_c8f91aa565d6fa0fed86,5,5,0,0,0
owner_c92a8e500c9d7cbfcb15,1,1,0,0,0
owner_c93283e7460617b9c5c7,1,1,0,0,0
owner_c9cb2b6a25f1193d1d9d,131,131,0,0,0
owner_cabb382dc438dac399f3,77,77,0,0,0
owner_cac14842b57015caa81c,35,35,0,0,0
owner_cafbc3bb085381c6bcba,14,14,0,0,0
owner_cb8a5144b9740a23aefa,18,18,0,0,0
owner_cb974dcd7df44d19c75b,6,6,0,0,0
owner_cbe9298b001402420015,13,13,0,0,0
owner_cc077acb87dd10f41d7d,19,19,0,0,0
owner_cc5f628af410c9c550be,1,1,0,0,0
owner_cd026d6807b4bb269c60,7,7,0,0,0
owner_cd1eb21aebca82476f38,20,20,0,0,0
owner_cd4c98a983cbe2cb4947,11,11,0,0,0
owner_cd762010faf190652c88,1,1,0,0,0
owner_cddced96d825ab1b2c3f,2,2,0,0,0
owner_ce6a6a6fc1ade6a5a9fc,2,2,0,0,0
owner_ce95df0577db0ba8f73d,1,1,0,0,0
owner_cf20f4bfb4b50433a9e0,9,9,0,0,0
owner_cf9e2ec30a07abb559a2,7,7,0,0,0
owner_cfe06f2f9d48ed9fce2e,4,4,0,0,0
owner_d18642952f3abfda883f,10,10,0,0,0
owner_d245c4869c8b18d0e807,5,5,0,0,0
owner_d273ead2bf93332742d0,6,6,0,0,0
owner_d275fcdba766cc966ebd,1,1,0,0,0
owner_d2b1e82eee7c23d31c05,37,37,0,0,0
owner_d2c11bbc7d6ad3d9b7e2,1,1,0,0,0
owner_d2e6815c33593408834d,6,6,0,0,0
owner_d32310051cf6365ead55,36,36,0,0,0
owner_d34066327ca3c59ab7ee,52,52,0,0,0
owner_d37babba5f36a9b84643,210,210,0,0,0
owner_d38253a7c065f7c84ed3,47,47,0,0,0
owner_d3947b960039d997b004,4,4,0,0,0
owner_d4622ed454021e071fa5,1,1,0,0,0
owner_d4843dba4bde78766d02,2,2,0,0,0
owner_d56728c99311cee3378a,1,1,0,0,0
owner_d58eb26efaa254085827,45,45,0,0,0
owner_d5b11f8e798a99741a04,6,6,0,0,0
owner_d5e1c2fd4d9febed977f,1,1,0,0,0
owner_d61054b25a0ad08e6c80,2,2,0,0,0
owner_d652975126256e8314e5,45,45,0,0,0
owner_d6e4b93b3b54194690f2,17,17,0,0,0
owner_d6e4beeeafc514541d02,1,1,0,0,0
owner_d7d014bf6e19439466cb,4,4,0,0,0
owner_d7d1533468c976ebbe02,2,2,0,0,0
owner_d83b3d076a57cbc27d4b,77,77,0,0,0
owner_d89b33056e9755a75b99,1,1,0,0,0
owner_d91db1e84388d6c04f4c,4,4,0,0,0
owner_d9ef478fafb3e5556a83,18,18,0,0,0
owner_dabbd24b6b3913e67938,3,3,0,0,0
owner_db4e8c87ccf99fd311fc,7,7,0,0,0
owner_dbd15d50e4835d97e82d,1,1,0,0,0
owner_dc0f9087778554a3c420,40,40,0,0,0
owner_dd064709a15db93264d3,8,8,0,0,0
owner_dd12502a8625bc788523,13,13,0,0,0
owner_dd7c1449f446dfcac7f9,15,15,0,0,0
owner_dd7e5938f40ef2192354,3,3,0,0,0
owner_ddea8cbaad2b4ace5069,1,1,0,0,0
owner_de6d9ffc989fdb04a7d0,1,1,0,0,0
owner_dec73d621b89d589e27f,6,6,0,0,0
owner_df2e779b4aea59fdef9c,2,2,0,0,0
owner_df93c07d1189742ec632,2,2,0,0,0
owner_e05abf07b85c68537360,2,2,0,0,0
owner_e09ba7469f9864e9c806,1,1,0,0,0
owner_e0f7d9865b70c7365571,1,1,0,0,0
owner_e13b7bc6372c7bb2d91c,8,8,0,0,0
owner_e156de0fce927602b5d6,1,1,0,0,0
owner_e19c9f27e23fc5857dde,14,14,0,0,0
owner_e20374a3f34e27a2d308,2,2,0,0,0
owner_e287da15421a0a0cbf2e,27,27,0,0,0
owner_e29579ffe20747e46e1d,21,21,0,0,0
owner_e2b5c519710b77a7d7da,53,53,0,0,0
owner_e32b4f6030bd92b13f99,1,1,0,0,0
owner_e385b51062745df8cf59,6,6,0,0,0
owner_e41125b76748441dd274,1,1,0,0,0
owner_e431fbbd79b77a9a7e06,2,2,0,0,0
owner_e49eb6d7d064a8eaefc0,7,7,0,0,0
owner_e4caeb385dc4559c5acb,7,7,0,0,0
owner_e4f96150331d50707ad5,6,6,0,0,0
owner_e51b10596dcde13baf4d,23,23,0,0,0
owner_e53894bdffb1a766ce03,1,1,0,0,0
owner_e588ad62c110d0cf9114,7,7,0,0,0
owner_e61039e54ae83b4801be,3,3,0,0,0
owner_e618128acc3524dfd778,39,39,0,0,0
owner_e62dd211df66c474b2a1,1,1,0,0,0
owner_e665546c2f78f5ca9eca,30,30,0,0,0
owner_e669f25af1b81cca29b1,10,10,0,0,0
owner_e69f83f0d317e91deba7,1,1,0,0,0
owner_e6b7b1cd7953748caa69,1,1,0,0,0
owner_e7aaafad96157ccc4f70,2,2,0,0,0
owner_e7b1a72d14660f69fe7f,1,1,0,0,0
owner_e7b477a87eb74c8be870,75,75,0,0,0
owner_e87ab5301d5943516a5c,60,60,0,0,0
owner_e899ad78e1ecbfed5f59,2,2,0,0,0
owner_e8a578b883b273c23c10,93,93,0,0,0
owner_e8d51521f59d6498faa2,2,2,0,0,0
owner_e8e195e85c334e22e85d,1,1,0,0,0
owner_e8f73e1f00674473373c,11,11,0,0,0
owner_e93cd637a02a2c72372c,10,10,0,0,0
owner_ea26ef3ddba1a9394e4b,1,1,0,0,0
owner_ea56cd1806eaa91f4af6,2,2,0,0,0
owner_ea57f714d5b08d449a4f,1,1,0,0,0
owner_ea7340bd02713d392949,4,4,0,0,0
owner_eabe1cb180b4fd0f7c86,2,2,0,0,0
owner_eac17c145b5ddcfae23c,1,1,0,0,0
owner_ead55f157571420e3fc6,3,3,0,0,0
owner_eb6c76e8363ccd0df979,15,15,0,0,0
owner_eb82eb6203133dda02f3,7,7,0,0,0
owner_ebe886f0420cb6ea1051,1,1,0,0,0
owner_ec416de383062b7e07c2,23,23,0,0,0
owner_ec9301482c16da635e61,26,26,0,0,0
owner_ed1047f2d776d2903ab0,1,1,0,0,0
owner_ed218919f86566819194,3,3,0,0,0
owner_ed3c98e334d7a0c73fa1,11,11,0,0,0
owner_ed8d28e2f09e342cd1ef,2,2,0,0,0
owner_ee59a3e02aac0262c080,104,104,0,0,0
owner_eea5903c62290ae844a6,3,3,0,0,0
owner_eedb695b754640719098,237,237,0,0,0
owner_ef7ebf35816784e4ef3a,20,20,0,0,0
owner_f01000bd3a079f46ebdf,3,3,0,0,0
owner_f0f0f3e2f0c46dddb4c6,1,1,0,0,0
owner_f1778e82cb708499a34c,1,1,0,0,0
owner_f177f9bdfa8217aa4b48,2,2,0,0,0
owner_f1bd41dfe7a548d74f94,20,20,0,0,0
owner_f1ca08543374668ee016,2,2,0,0,0
owner_f234e2c2e8d9d041e3c7,10,10,0,0,0
owner_f2f61a89a7ac0df51039,4,4,0,0,0
owner_f32d709b42867375b5fa,2,2,0,0,0
owner_f3520b29cdab91a8cb6c,1,1,0,0,0
owner_f38bd77ac45c44522006,16,16,0,0,0
owner_f38c2c6eee49ad6d3d90,5,5,0,0,0
owner_f3ed42c949c13a1134df,2,2,0,0,0
owner_f4306ebb296e021975cf,1,1,0,0,0
owner_f46c456d94991912055c,33,33,0,0,0
owner_f47e13ac844701080f81,5,5,0,0,0
owner_f4f62a7e6381b213e329,6,6,0,0,0
owner_f5475f29e6966aec875e,3,3,0,0,0
owner_f5a5212d8dcdc42297be,33,33,0,0,0
owner_f5a9c84572cd9f13c50f,1,1,0,0,0
owner_f5f704cc613f4e046ee0,5,5,0,0,0
owner_f66609f335b7dd56b02c,297,297,0,0,0
owner_f6f44f45dc656edbba15,1,1,0,0,0
owner_f7df835b52078a780ad0,1,1,0,0,0
owner_f7e05afc075921d91948,22,22,0,0,0
owner_f86bb85ab2ea5fde8590,1,1,0,0,0
owner_f870b27a93f9504a2376,34,34,0,0,0
owner_f8f50ad61e3d735af51e,7,7,0,0,0
owner_f8fecea951d449eb65b9,14,14,0,0,0
owner_f91f8ca24b0306b7c4e3,2,2,0,0,0
owner_f94311b59cd361f1b930,23,23,0,0,0
owner_f9431967bcaaef7c2035,1,1,0,0,0
owner_f956bcf92f4a6304ceaa,3,3,0,0,0
owner_f9570455dde9acde004f,8,8,0,0,0
owner_f9a8dc94b083437c521f,20,20,0,0,0
owner_fad0601c4c244f70250a,19,19,0,0,0
owner_fae2cd807e3bb2aee716,3,3,0,0,0
owner_fcc06779e4ac5b0de2aa,5,5,0,0,0
owner_fd1236e78c477a9a05a6,120,120,0,0,0
owner_fd3bc9e12b8de9cd4b77,39,39,0,0,0
owner_fd4bea23825842c47e0a,1,1,0,0,0
owner_fd6e905f568fcd960c80,20,20,0,0,0
owner_fd8226cdec4f2f3afe33,2,2,0,0,0
owner_fdc67ee62298803d2658,2,2,0,0,0
owner_fde60467e7c7d5bb6673,2,2,0,0,0
owner_fdfac984a6b9cf907f69,1,1,0,0,0
owner_fe384f660beab91d1a94,14,14,0,0,0
owner_fe5727f664c3efb81fb8,31,31,0,0,0
owner_ffc9add971d1d1a85ed1,1,1,0,0,0
owner_fff0b2a494d1ed50a7f0,8,8,0,0,0
