rule	x	y	z	category	source_roots
127	-730	-32	-71	insufficient evidence	[[-730,-31,-71]]
105	-713	35	-74	insufficient evidence	[[-713,36,-74]]
105	-712	35	-74	insufficient evidence	[[-712,36,-74]]
105	-710	35	-74	insufficient evidence	[[-710,36,-74]]
105	-709	35	-74	insufficient evidence	[[-709,36,-74]]
209	-697	40	-246	insufficient evidence	[[-697,40,-246]]
151	-692	71	-128	insufficient evidence	[[-692,71,-128]]
159	-692	71	-120	insufficient evidence	[[-692,71,-120]]
209	-704	40	-109	insufficient evidence	[[-704,40,-109]]
127	-696	-32	-71	insufficient evidence	[[-696,-31,-71]]
205	-679	44	-262	insufficient evidence	[[-679,44,-262]]
209	-679	44	-260	insufficient evidence	[[-679,44,-260]]
151	-674	58	-266	insufficient evidence	[[-674,58,-266]]
151	-685	71	-265	insufficient evidence	[[-685,71,-265]]
159	-685	71	-257	insufficient evidence	[[-685,71,-257]]
207	-677	49	-255	insufficient evidence	[[-677,49,-255]]
159	-674	58	-256	insufficient evidence	[[-674,58,-256]]
151	-681	58	-129	insufficient evidence	[[-681,58,-129]]
201	-686	43	-125	insufficient evidence	[[-686,43,-125]]
217	-686	44	-125	insufficient evidence	[[-686,44,-125]]
225	-686	44	-123	insufficient evidence	[[-686,44,-123]]
207	-684	49	-118	insufficient evidence	[[-684,49,-118]]
207	-678	49	-118	insufficient evidence	[[-678,49,-118]]
159	-681	58	-119	insufficient evidence	[[-681,58,-119]]
209	-659	40	-317	insufficient evidence	[[-659,40,-317]]
31	-663	23	-277	insufficient evidence	[[-663,23,-277]]
151	-664	58	-266	insufficient evidence	[[-664,58,-266]]
207	-671	49	-255	insufficient evidence	[[-671,49,-255]]
159	-664	58	-256	insufficient evidence	[[-664,58,-256]]
110	-666	35	-141	insufficient evidence	[[-666,36,-141]]
110	-665	35	-141	insufficient evidence	[[-665,36,-141]]
110	-664	35	-141	insufficient evidence	[[-664,36,-141]]
110	-662	35	-141	insufficient evidence	[[-662,36,-141]]
110	-659	35	-141	insufficient evidence	[[-659,36,-141]]
110	-658	35	-141	insufficient evidence	[[-658,36,-141]]
151	-671	58	-129	insufficient evidence	[[-671,58,-129]]
159	-671	58	-119	insufficient evidence	[[-671,58,-119]]
37	-660	35	-92	insufficient evidence	[[-660,36,-92],[-660,39,-92],[-660,42,-92],[-660,45,-92],[-663,39,-92],[-663,42,-92],[-663,45,-92],[-657,39,-92],[-657,42,-92],[-657,45,-92],[-660,39,-95],[-660,42,-95],[-660,45,-95],[-660,39,-89],[-660,42,-89],[-660,45,-89]]
110	-648	15	-301	insufficient evidence	[[-648,16,-301]]
202	-649	15	-300	insufficient evidence	[[-649,15,-300]]
217	-655	15	-300	insufficient evidence	[[-655,15,-300]]
202	-649	17	-300	insufficient evidence	[[-649,17,-300]]
217	-655	17	-300	insufficient evidence	[[-655,17,-300]]
52	-648	19	-301	insufficient evidence	[[-648,20,-301]]
55	-656	19	-301	insufficient evidence	[[-656,20,-301]]
202	-649	19	-300	insufficient evidence	[[-649,19,-300]]
217	-655	19	-300	insufficient evidence	[[-655,19,-300]]
105	-648	15	-285	insufficient evidence	[[-648,16,-285]]
202	-649	15	-286	insufficient evidence	[[-649,15,-286]]
217	-655	15	-286	insufficient evidence	[[-655,15,-286]]
202	-649	17	-286	insufficient evidence	[[-649,17,-286]]
217	-655	17	-286	insufficient evidence	[[-655,17,-286]]
52	-648	19	-285	insufficient evidence	[[-648,20,-285]]
55	-656	19	-285	insufficient evidence	[[-656,20,-285]]
202	-649	19	-286	insufficient evidence	[[-649,19,-286]]
217	-655	19	-286	insufficient evidence	[[-655,19,-286]]
130	-644	-32	-144	insufficient evidence	[[-644,-31,-144]]
130	-641	-32	-144	insufficient evidence	[[-641,-31,-144]]
110	-656	35	-141	insufficient evidence	[[-656,36,-141]]
110	-655	35	-141	insufficient evidence	[[-655,36,-141]]
127	-652	-32	-51	insufficient evidence	[[-652,-31,-51]]
127	-650	-32	-51	insufficient evidence	[[-650,-31,-51]]
30	-644	83	-25	historical omission with proven current owner	[[-644,83,-25]]
33	-646	83	15	insufficient evidence	[[-646,84,15],[-646,87,15],[-646,90,15],[-646,93,15],[-649,87,15],[-649,90,15],[-649,93,15],[-643,87,15],[-643,90,15],[-643,93,15],[-646,87,12],[-646,90,12],[-646,93,12],[-646,87,18],[-646,90,18],[-646,93,18]]
128	-635	-32	-140	insufficient evidence	[[-635,-31,-140]]
130	-640	-32	-144	insufficient evidence	[[-640,-31,-144]]
128	-635	-32	-82	insufficient evidence	[[-635,-31,-82]]
128	-635	-32	-78	insufficient evidence	[[-635,-31,-78]]
128	-635	-32	-72	insufficient evidence	[[-635,-31,-72]]
30	-631	83	15	insufficient evidence	[[-631,83,15]]
31	-631	83	10	insufficient evidence	[[-631,83,10]]
197	-630	83	0	insufficient evidence	[[-630,83,0]]
31	-610	83	-38	insufficient evidence	[[-610,83,-38]]
151	-596	71	-338	insufficient evidence	[[-596,71,-338]]
159	-596	71	-330	insufficient evidence	[[-596,71,-330]]
163	-594	24	-182	insufficient evidence	[[-594,24,-182]]
163	-594	24	-172	insufficient evidence	[[-594,24,-172]]
163	-593	37	-161	insufficient evidence	[[-593,37,-161]]
30	-600	83	-38	insufficient evidence	[[-600,83,-38]]
151	-585	58	-339	insufficient evidence	[[-585,58,-339]]
151	-581	58	-339	insufficient evidence	[[-581,58,-339]]
205	-590	44	-335	insufficient evidence	[[-590,44,-335]]
209	-590	44	-333	insufficient evidence	[[-590,44,-333]]
207	-588	49	-328	insufficient evidence	[[-588,49,-328]]
209	-582	49	-328	insufficient evidence	[[-582,49,-328]]
159	-585	58	-329	insufficient evidence	[[-585,58,-329]]
159	-581	58	-329	insufficient evidence	[[-581,58,-329]]
155	-584	24	-182	insufficient evidence	[[-584,24,-182]]
202	-588	10	-167	insufficient evidence	[[-588,10,-167]]
217	-590	10	-167	insufficient evidence	[[-590,10,-167]]
201	-583	15	-175	insufficient evidence	[[-583,15,-175]]
201	-583	15	-169	insufficient evidence	[[-583,15,-169]]
155	-584	24	-172	insufficient evidence	[[-584,24,-172]]
155	-585	37	-161	insufficient evidence	[[-585,37,-161]]
120	-578	-53	-93	insufficient evidence	[[-578,-53,-93]]
151	-580	131	23	insufficient evidence	[[-580,131,23]]
159	-580	131	29	insufficient evidence	[[-580,131,29]]
151	-590	141	24	insufficient evidence	[[-590,141,24]]
159	-590	141	28	insufficient evidence	[[-590,141,28]]
222	-583	133	46	insufficient evidence	[[-583,133,46]]
222	-577	133	46	insufficient evidence	[[-577,133,46]]
226	-583	133	38	insufficient evidence	[[-583,133,38]]
226	-577	133	38	insufficient evidence	[[-577,133,38]]
222	-583	134	46	insufficient evidence	[[-583,134,46]]
222	-577	134	46	insufficient evidence	[[-577,134,46]]
226	-583	134	38	insufficient evidence	[[-583,134,38]]
226	-577	134	38	insufficient evidence	[[-577,134,38]]
222	-583	139	46	insufficient evidence	[[-583,139,46]]
222	-581	139	46	insufficient evidence	[[-581,139,46]]
222	-579	139	46	insufficient evidence	[[-579,139,46]]
222	-577	139	46	insufficient evidence	[[-577,139,46]]
226	-583	139	38	insufficient evidence	[[-583,139,38]]
226	-581	139	38	insufficient evidence	[[-581,139,38]]
226	-579	139	38	insufficient evidence	[[-579,139,38]]
226	-577	139	38	insufficient evidence	[[-577,139,38]]
222	-583	140	46	insufficient evidence	[[-583,140,46]]
222	-577	140	46	insufficient evidence	[[-577,140,46]]
226	-583	140	38	insufficient evidence	[[-583,140,38]]
226	-577	140	38	insufficient evidence	[[-577,140,38]]
222	-583	141	46	insufficient evidence	[[-583,141,46]]
222	-577	141	46	insufficient evidence	[[-577,141,46]]
226	-583	141	38	insufficient evidence	[[-583,141,38]]
226	-577	141	38	insufficient evidence	[[-577,141,38]]
222	-583	142	46	insufficient evidence	[[-583,142,46]]
222	-577	142	46	insufficient evidence	[[-577,142,46]]
226	-583	142	38	insufficient evidence	[[-583,142,38]]
226	-577	142	38	insufficient evidence	[[-577,142,38]]
222	-583	149	46	insufficient evidence	[[-583,149,46]]
222	-581	149	46	insufficient evidence	[[-581,149,46]]
222	-579	149	46	insufficient evidence	[[-579,149,46]]
222	-577	149	46	insufficient evidence	[[-577,149,46]]
226	-583	149	38	insufficient evidence	[[-583,149,38]]
226	-581	149	38	insufficient evidence	[[-581,149,38]]
226	-579	149	38	insufficient evidence	[[-579,149,38]]
226	-577	149	38	insufficient evidence	[[-577,149,38]]
222	-583	150	46	insufficient evidence	[[-583,150,46]]
222	-577	150	46	insufficient evidence	[[-577,150,46]]
226	-583	150	38	insufficient evidence	[[-583,150,38]]
226	-577	150	38	insufficient evidence	[[-577,150,38]]
222	-583	151	46	insufficient evidence	[[-583,151,46]]
226	-577	151	38	insufficient evidence	[[-577,151,38]]
55	-585	152	42	insufficient evidence	[[-585,153,42]]
179	-566	51	-351	insufficient evidence	[[-566,51,-351]]
180	-562	51	-351	insufficient evidence	[[-562,51,-351]]
207	-566	36	-277	insufficient evidence	[[-566,36,-277]]
205	-566	37	-277	insufficient evidence	[[-566,37,-277]]
217	-571	27	-203	insufficient evidence	[[-571,27,-203]]
180	-574	43	-195	insufficient evidence	[[-574,43,-195]]
73	-574	44	-195	insufficient evidence	[[-574,44,-195]]
180	-574	43	-191	insufficient evidence	[[-574,43,-191]]
73	-574	44	-191	insufficient evidence	[[-574,44,-191]]
120	-566	-54	-82	insufficient evidence	[[-566,-54,-82]]
31	-572	98	-4	insufficient evidence	[[-572,98,-4]]
36	-571	113	31	insufficient evidence	[[-571,114,31],[-571,117,31],[-571,120,31],[-571,123,31],[-574,117,31],[-574,120,31],[-574,123,31],[-568,117,31],[-568,120,31],[-568,123,31],[-571,117,28],[-571,120,28],[-571,123,28],[-571,117,34],[-571,120,34],[-571,123,34]]
180	-558	51	-351	insufficient evidence	[[-558,51,-351]]
180	-554	51	-351	insufficient evidence	[[-554,51,-351]]
180	-550	51	-351	insufficient evidence	[[-550,51,-351]]
180	-546	51	-351	insufficient evidence	[[-546,51,-351]]
210	-550	15	-307	insufficient evidence	[[-550,15,-307]]
202	-550	17	-307	insufficient evidence	[[-550,17,-307]]
52	-549	19	-308	insufficient evidence	[[-549,20,-308]]
202	-550	19	-307	insufficient evidence	[[-550,19,-307]]
179	-546	31	-314	insufficient evidence	[[-546,31,-314]]
206	-550	15	-293	insufficient evidence	[[-550,15,-293]]
221	-556	15	-293	insufficient evidence	[[-556,15,-293]]
202	-550	17	-293	insufficient evidence	[[-550,17,-293]]
217	-556	17	-293	insufficient evidence	[[-556,17,-293]]
202	-550	19	-293	insufficient evidence	[[-550,19,-293]]
217	-556	19	-293	insufficient evidence	[[-556,19,-293]]
169	-554	35	-285	insufficient evidence	[[-554,35,-285]]
169	-546	35	-284	insufficient evidence	[[-546,35,-284]]
171	-546	35	-280	insufficient evidence	[[-546,35,-280]]
171	-546	35	-276	insufficient evidence	[[-546,35,-276]]
180	-550	35	-284	insufficient evidence	[[-550,35,-284]]
191	-558	35	-285	insufficient evidence	[[-558,35,-285]]
180	-550	43	-253	insufficient evidence	[[-550,43,-253]]
214	-553	46	-213	insufficient evidence	[[-553,46,-213]]
214	-553	46	-211	insufficient evidence	[[-553,46,-211]]
214	-553	46	-209	insufficient evidence	[[-553,46,-209]]
229	-545	46	-213	insufficient evidence	[[-545,46,-213]]
229	-545	46	-211	insufficient evidence	[[-545,46,-211]]
229	-545	46	-209	insufficient evidence	[[-545,46,-209]]
214	-553	54	-213	insufficient evidence	[[-553,54,-213]]
214	-553	54	-211	insufficient evidence	[[-553,54,-211]]
214	-553	54	-209	insufficient evidence	[[-553,54,-209]]
229	-545	54	-213	insufficient evidence	[[-545,54,-213]]
229	-545	54	-211	insufficient evidence	[[-545,54,-211]]
229	-545	54	-209	insufficient evidence	[[-545,54,-209]]
214	-553	65	-213	insufficient evidence	[[-553,65,-213]]
214	-553	65	-211	insufficient evidence	[[-553,65,-211]]
214	-553	65	-209	insufficient evidence	[[-553,65,-209]]
226	-552	65	-214	insufficient evidence	[[-552,65,-214]]
226	-550	65	-214	insufficient evidence	[[-550,65,-214]]
226	-548	65	-214	insufficient evidence	[[-548,65,-214]]
226	-546	65	-214	insufficient evidence	[[-546,65,-214]]
229	-545	65	-213	insufficient evidence	[[-545,65,-213]]
229	-545	65	-211	insufficient evidence	[[-545,65,-211]]
229	-545	65	-209	insufficient evidence	[[-545,65,-209]]
214	-553	46	-207	insufficient evidence	[[-553,46,-207]]
229	-545	46	-207	insufficient evidence	[[-545,46,-207]]
30	-556	50	-199	insufficient evidence	[[-556,50,-199]]
173	-558	50	-195	insufficient evidence	[[-558,50,-195]]
174	-558	50	-199	insufficient evidence	[[-558,50,-199]]
174	-558	50	-196	insufficient evidence	[[-558,50,-196]]
180	-554	50	-202	insufficient evidence	[[-554,50,-202]]
180	-550	50	-202	insufficient evidence	[[-550,50,-202]]
73	-554	51	-202	insufficient evidence	[[-554,51,-202]]
159	-549	52	-204	insufficient evidence	[[-549,52,-204]]
214	-553	54	-207	insufficient evidence	[[-553,54,-207]]
229	-545	54	-207	insufficient evidence	[[-545,54,-207]]
214	-553	65	-207	insufficient evidence	[[-553,65,-207]]
229	-545	65	-207	insufficient evidence	[[-545,65,-207]]
30	-556	50	-187	insufficient evidence	[[-556,50,-187]]
169	-558	50	-191	insufficient evidence	[[-558,50,-191]]
174	-558	50	-187	insufficient evidence	[[-558,50,-187]]
149	-545	129	53	insufficient evidence	[[-545,129,53]]
151	-553	137	54	insufficient evidence	[[-553,137,54]]
180	-542	51	-351	insufficient evidence	[[-542,51,-351]]
180	-538	51	-351	insufficient evidence	[[-538,51,-351]]
180	-534	51	-351	insufficient evidence	[[-534,51,-351]]
180	-530	51	-351	insufficient evidence	[[-530,51,-351]]
30	-541	4	-305	insufficient evidence	[[-541,4,-305]]
30	-529	4	-305	insufficient evidence	[[-529,4,-305]]
205	-543	44	-211	insufficient evidence	[[-543,44,-211]]
209	-543	44	-209	insufficient evidence	[[-543,44,-209]]
206	-540	42	-196	insufficient evidence	[[-540,42,-196]]
205	-540	44	-196	insufficient evidence	[[-540,44,-196]]
53	-541	46	-197	insufficient evidence	[[-541,47,-197]]
205	-540	46	-196	insufficient evidence	[[-540,46,-196]]
31	-544	50	-196	insufficient evidence	[[-544,50,-196]]
181	-540	50	-196	insufficient evidence	[[-540,50,-196]]
210	-540	42	-190	insufficient evidence	[[-540,42,-190]]
209	-540	44	-190	insufficient evidence	[[-540,44,-190]]
54	-541	46	-189	insufficient evidence	[[-541,47,-189]]
209	-540	46	-190	insufficient evidence	[[-540,46,-190]]
174	-542	50	-189	insufficient evidence	[[-542,50,-189]]
181	-540	50	-190	insufficient evidence	[[-540,50,-190]]
141	-539	29	-51	insufficient evidence	[[-539,30,-51]]
167	-538	29	-56	insufficient evidence	[[-538,29,-56]]
180	-539	35	-44	insufficient evidence	[[-539,35,-44]]
183	-543	35	-44	insufficient evidence	[[-543,35,-44]]
76	-543	36	-44	insufficient evidence	[[-543,36,-44]]
205	-539	70	-10	insufficient evidence	[[-539,70,-10]]
189	-529	41	2	insufficient evidence	[[-529,41,2]]
209	-539	70	6	insufficient evidence	[[-539,70,6]]
155	-533	75	24	insufficient evidence	[[-533,75,24]]
151	-543	147	55	insufficient evidence	[[-543,147,55]]
159	-543	147	59	insufficient evidence	[[-543,147,59]]
180	-526	51	-351	insufficient evidence	[[-526,51,-351]]
180	-522	51	-351	insufficient evidence	[[-522,51,-351]]
180	-518	51	-351	insufficient evidence	[[-518,51,-351]]
180	-514	51	-351	insufficient evidence	[[-514,51,-351]]
30	-521	4	-303	insufficient evidence	[[-521,4,-303]]
31	-518	43	-263	insufficient evidence	[[-518,43,-263]]
174	-519	43	-265	insufficient evidence	[[-519,43,-265]]
31	-517	50	-190	insufficient evidence	[[-517,50,-190]]
31	-515	50	-189	insufficient evidence	[[-515,50,-189]]
31	-514	50	-191	insufficient evidence	[[-514,50,-191]]
167	-526	29	-56	insufficient evidence	[[-526,29,-56]]
60	-526	34	-48	insufficient evidence	[[-526,34,-48]]
173	-525	35	-44	insufficient evidence	[[-525,35,-44]]
174	-525	35	-48	insufficient evidence	[[-525,35,-48]]
155	-500	70	-434	insufficient evidence	[[-500,70,-434]]
163	-512	70	-434	insufficient evidence	[[-512,70,-434]]
180	-510	51	-351	insufficient evidence	[[-510,51,-351]]
180	-506	51	-351	insufficient evidence	[[-506,51,-351]]
30	-509	4	-313	insufficient evidence	[[-509,4,-313]]
30	-509	4	-304	insufficient evidence	[[-509,4,-304]]
30	-502	43	-259	insufficient evidence	[[-502,43,-259]]
210	-512	46	-270	insufficient evidence	[[-512,46,-270]]
225	-508	46	-270	insufficient evidence	[[-508,46,-270]]
224	-512	47	-270	insufficient evidence	[[-512,47,-270]]
224	-508	47	-270	insufficient evidence	[[-508,47,-270]]
30	-504	43	-243	insufficient evidence	[[-504,43,-243]]
30	-503	43	-254	insufficient evidence	[[-503,43,-254]]
30	-503	43	-245	insufficient evidence	[[-503,43,-245]]
31	-505	43	-255	insufficient evidence	[[-505,43,-255]]
31	-504	43	-251	insufficient evidence	[[-504,43,-251]]
31	-502	43	-243	insufficient evidence	[[-502,43,-243]]
71	-501	61	-226	insufficient evidence	[[-501,61,-226]]
209	-509	55	-202	insufficient evidence	[[-509,55,-202]]
210	-506	24	-153	insufficient evidence	[[-506,24,-153]]
225	-508	24	-153	insufficient evidence	[[-508,24,-153]]
210	-506	25	-153	insufficient evidence	[[-506,25,-153]]
225	-508	25	-153	insufficient evidence	[[-508,25,-153]]
202	-506	27	-153	insufficient evidence	[[-506,27,-153]]
217	-508	27	-153	insufficient evidence	[[-508,27,-153]]
229	-510	33	-151	insufficient evidence	[[-510,33,-151]]
221	-510	35	-151	insufficient evidence	[[-510,35,-151]]
203	-499	66	-152	insufficient evidence	[[-499,66,-152]]
151	-506	75	-151	insufficient evidence	[[-506,75,-151]]
229	-510	33	-143	insufficient evidence	[[-510,33,-143]]
217	-510	34	-132	insufficient evidence	[[-510,34,-132]]
217	-510	35	-132	insufficient evidence	[[-510,35,-132]]
225	-510	35	-143	insufficient evidence	[[-510,35,-143]]
217	-510	36	-132	insufficient evidence	[[-510,36,-132]]
217	-510	37	-132	insufficient evidence	[[-510,37,-132]]
217	-510	38	-132	insufficient evidence	[[-510,38,-132]]
159	-507	58	-133	insufficient evidence	[[-507,58,-133]]
159	-506	75	-141	insufficient evidence	[[-506,75,-141]]
174	-505	35	-36	insufficient evidence	[[-505,35,-36]]
167	-507	36	-35	insufficient evidence	[[-507,36,-35]]
174	-506	41	-28	insufficient evidence	[[-506,41,-28]]
174	-506	41	-20	insufficient evidence	[[-506,41,-20]]
180	-505	41	-32	insufficient evidence	[[-505,41,-32]]
180	-503	41	-18	insufficient evidence	[[-503,41,-18]]
180	-500	41	-18	insufficient evidence	[[-500,41,-18]]
185	-498	41	-18	insufficient evidence	[[-498,41,-18]]
187	-507	41	-29	insufficient evidence	[[-507,41,-29]]
174	-498	41	-6	insufficient evidence	[[-498,41,-6]]
174	-498	41	-2	insufficient evidence	[[-498,41,-2]]
67	-498	42	-6	insufficient evidence	[[-498,42,-6]]
174	-498	41	2	insufficient evidence	[[-498,41,2]]
174	-498	41	6	insufficient evidence	[[-498,41,6]]
67	-498	42	2	insufficient evidence	[[-498,42,2]]
67	-498	42	6	insufficient evidence	[[-498,42,6]]
167	-504	42	1	insufficient evidence	[[-504,42,1]]
167	-499	42	1	insufficient evidence	[[-499,42,1]]
145	-498	55	4	insufficient evidence	[[-498,56,4]]
145	-497	55	4	insufficient evidence	[[-497,56,4]]
169	-505	59	16	insufficient evidence	[[-505,59,16]]
171	-504	59	19	insufficient evidence	[[-504,59,19]]
171	-499	59	19	insufficient evidence	[[-499,59,19]]
171	-498	59	20	insufficient evidence	[[-498,59,20]]
174	-505	59	20	insufficient evidence	[[-505,59,20]]
62	-505	60	16	insufficient evidence	[[-505,60,16]]
30	-489	56	-244	insufficient evidence	[[-489,56,-244]]
31	-486	56	-245	insufficient evidence	[[-486,56,-245]]
34	-496	56	-241	insufficient evidence	[[-496,57,-241],[-496,60,-241],[-496,63,-241],[-496,66,-241],[-499,60,-241],[-499,63,-241],[-499,66,-241],[-493,60,-241],[-493,63,-241],[-493,66,-241],[-496,60,-244],[-496,63,-244],[-496,66,-244],[-496,60,-238],[-496,63,-238],[-496,66,-238]]
195	-485	56	-244	insufficient evidence	[[-485,56,-244]]
196	-486	56	-243	insufficient evidence	[[-486,56,-243]]
196	-485	56	-245	insufficient evidence	[[-485,56,-245]]
198	-486	56	-244	insufficient evidence	[[-486,56,-244]]
30	-484	56	-231	insufficient evidence	[[-484,56,-231]]
30	-481	56	-229	insufficient evidence	[[-481,56,-229]]
31	-481	56	-226	insufficient evidence	[[-481,56,-226]]
194	-486	56	-232	insufficient evidence	[[-486,56,-232]]
194	-485	56	-229	insufficient evidence	[[-485,56,-229]]
196	-487	56	-233	insufficient evidence	[[-487,56,-233]]
196	-486	56	-231	insufficient evidence	[[-486,56,-231]]
196	-486	56	-230	insufficient evidence	[[-486,56,-230]]
196	-485	56	-227	insufficient evidence	[[-485,56,-227]]
199	-487	56	-232	insufficient evidence	[[-487,56,-232]]
180	-489	60	-226	insufficient evidence	[[-489,60,-226]]
73	-489	61	-226	insufficient evidence	[[-489,61,-226]]
30	-490	55	-214	insufficient evidence	[[-490,55,-214]]
30	-489	55	-212	insufficient evidence	[[-489,55,-212]]
30	-486	55	-209	insufficient evidence	[[-486,55,-209]]
31	-489	55	-210	insufficient evidence	[[-489,55,-210]]
31	-488	55	-214	insufficient evidence	[[-488,55,-214]]
31	-487	55	-212	insufficient evidence	[[-487,55,-212]]
174	-492	55	-214	insufficient evidence	[[-492,55,-214]]
31	-482	60	-213	insufficient evidence	[[-482,60,-213]]
37	-483	60	-218	insufficient evidence	[[-483,61,-218],[-483,64,-218],[-483,67,-218],[-483,70,-218],[-486,64,-218],[-486,67,-218],[-486,70,-218],[-480,64,-218],[-480,67,-218],[-480,70,-218],[-483,64,-221],[-483,67,-221],[-483,70,-221],[-483,64,-215],[-483,67,-215],[-483,70,-215]]
171	-483	60	-211	insufficient evidence	[[-483,60,-211]]
80	-491	61	-216	insufficient evidence	[[-491,61,-216]]
215	-489	66	-221	insufficient evidence	[[-489,66,-221]]
202	-489	67	-221	insufficient evidence	[[-489,67,-221]]
183	-495	52	-193	insufficient evidence	[[-495,52,-193]]
30	-481	55	-198	insufficient evidence	[[-481,55,-198]]
30	-481	55	-195	insufficient evidence	[[-481,55,-195]]
31	-490	55	-205	insufficient evidence	[[-490,55,-205]]
31	-487	55	-206	insufficient evidence	[[-487,55,-206]]
167	-492	55	-193	insufficient evidence	[[-492,55,-193]]
30	-494	50	-182	insufficient evidence	[[-494,50,-182]]
30	-493	50	-191	insufficient evidence	[[-493,50,-191]]
31	-495	50	-191	insufficient evidence	[[-495,50,-191]]
31	-495	50	-185	insufficient evidence	[[-495,50,-185]]
31	-495	50	-184	insufficient evidence	[[-495,50,-184]]
30	-490	55	-183	insufficient evidence	[[-490,55,-183]]
31	-488	55	-181	insufficient evidence	[[-488,55,-181]]
31	-488	55	-180	insufficient evidence	[[-488,55,-180]]
31	-487	55	-182	insufficient evidence	[[-487,55,-182]]
31	-486	55	-180	insufficient evidence	[[-486,55,-180]]
169	-486	55	-178	insufficient evidence	[[-486,55,-178]]
174	-492	55	-182	insufficient evidence	[[-492,55,-182]]
203	-493	66	-152	insufficient evidence	[[-493,66,-152]]
151	-496	75	-151	insufficient evidence	[[-496,75,-151]]
171	-490	39	-131	insufficient evidence	[[-490,39,-131]]
66	-490	40	-131	insufficient evidence	[[-490,40,-131]]
159	-496	63	-132	insufficient evidence	[[-496,63,-132]]
159	-496	75	-141	insufficient evidence	[[-496,75,-141]]
33	-487	-37	-111	insufficient evidence	[[-487,-36,-111],[-487,-33,-111],[-487,-30,-111],[-487,-27,-111],[-490,-33,-111],[-490,-30,-111],[-490,-27,-111],[-484,-33,-111],[-484,-30,-111],[-484,-27,-111],[-487,-33,-114],[-487,-30,-114],[-487,-27,-114],[-487,-33,-108],[-487,-30,-108],[-487,-27,-108]]
209	-495	-35	-92	insufficient evidence	[[-495,-35,-92]]
209	-485	-35	-92	insufficient evidence	[[-485,-35,-92]]
209	-483	-35	-92	insufficient evidence	[[-483,-35,-92]]
205	-483	-35	-78	insufficient evidence	[[-483,-35,-78]]
165	-494	41	-18	insufficient evidence	[[-494,41,-18]]
169	-485	41	-32	insufficient evidence	[[-485,41,-32]]
180	-490	41	-18	insufficient evidence	[[-490,41,-18]]
58	-494	42	-18	insufficient evidence	[[-494,42,-18]]
201	-495	42	-12	insufficient evidence	[[-495,42,-12]]
217	-495	43	-12	insufficient evidence	[[-495,43,-12]]
147	-496	55	-2	insufficient evidence	[[-496,56,-2]]
215	-486	42	0	insufficient evidence	[[-486,42,0]]
202	-486	43	0	insufficient evidence	[[-486,43,0]]
145	-496	55	4	insufficient evidence	[[-496,56,4]]
181	-494	59	16	insufficient evidence	[[-494,59,16]]
181	-486	59	16	insufficient evidence	[[-486,59,16]]
157	-488	71	32	insufficient evidence	[[-488,71,32]]
151	-473	94	-379	insufficient evidence	[[-473,94,-379]]
159	-473	94	-367	insufficient evidence	[[-473,94,-367]]
31	-476	65	-292	insufficient evidence	[[-476,65,-292]]
167	-471	60	-260	insufficient evidence	[[-471,60,-260]]
187	-468	65	-270	insufficient evidence	[[-468,65,-270]]
34	-472	56	-248	insufficient evidence	[[-472,57,-248],[-472,60,-248],[-472,63,-248],[-472,66,-248],[-475,60,-248],[-475,63,-248],[-475,66,-248],[-469,60,-248],[-469,63,-248],[-469,66,-248],[-472,60,-251],[-472,63,-251],[-472,66,-251],[-472,60,-245],[-472,63,-245],[-472,66,-245]]
30	-473	60	-255	insufficient evidence	[[-473,60,-255]]
174	-471	60	-256	insufficient evidence	[[-471,60,-256]]
30	-476	56	-225	insufficient evidence	[[-476,56,-225]]
31	-479	56	-227	insufficient evidence	[[-479,56,-227]]
30	-475	60	-216	insufficient evidence	[[-475,60,-216]]
30	-473	60	-216	insufficient evidence	[[-473,60,-216]]
31	-480	60	-215	insufficient evidence	[[-480,60,-215]]
31	-477	60	-214	insufficient evidence	[[-477,60,-214]]
31	-476	60	-218	insufficient evidence	[[-476,60,-218]]
169	-475	60	-220	insufficient evidence	[[-475,60,-220]]
174	-471	60	-216	insufficient evidence	[[-471,60,-216]]
31	-479	55	-196	insufficient evidence	[[-479,55,-196]]
179	-473	56	-177	insufficient evidence	[[-473,56,-177]]
183	-470	59	-177	insufficient evidence	[[-470,59,-177]]
217	-469	54	-167	insufficient evidence	[[-469,54,-167]]
215	-469	55	-167	insufficient evidence	[[-469,55,-167]]
209	-466	57	-164	insufficient evidence	[[-466,57,-164]]
203	-466	61	-164	insufficient evidence	[[-466,61,-164]]
209	-466	62	-164	insufficient evidence	[[-466,62,-164]]
209	-471	-35	-92	insufficient evidence	[[-471,-35,-92]]
205	-471	-35	-78	insufficient evidence	[[-471,-35,-78]]
34	-472	97	0	insufficient evidence	[[-472,98,0],[-472,101,0],[-472,104,0],[-472,107,0],[-475,101,0],[-475,104,0],[-475,107,0],[-469,101,0],[-469,104,0],[-469,107,0],[-472,101,-3],[-472,104,-3],[-472,107,-3],[-472,101,3],[-472,104,3],[-472,107,3]]
30	-457	65	-309	insufficient evidence	[[-457,65,-309]]
31	-462	65	-311	insufficient evidence	[[-462,65,-311]]
31	-460	65	-309	insufficient evidence	[[-460,65,-309]]
209	-461	67	-314	insufficient evidence	[[-461,67,-314]]
30	-452	65	-279	insufficient evidence	[[-452,65,-279]]
31	-452	65	-276	insufficient evidence	[[-452,65,-276]]
30	-458	60	-269	insufficient evidence	[[-458,60,-269]]
30	-455	60	-267	insufficient evidence	[[-455,60,-267]]
31	-459	60	-263	insufficient evidence	[[-459,60,-263]]
31	-457	60	-267	insufficient evidence	[[-457,60,-267]]
167	-461	60	-260	insufficient evidence	[[-461,60,-260]]
180	-464	65	-270	insufficient evidence	[[-464,65,-270]]
180	-460	65	-270	insufficient evidence	[[-460,65,-270]]
180	-456	65	-270	insufficient evidence	[[-456,65,-270]]
180	-452	65	-270	insufficient evidence	[[-452,65,-270]]
30	-454	56	-245	insufficient evidence	[[-454,56,-245]]
31	-452	56	-246	insufficient evidence	[[-452,56,-246]]
199	-449	56	-247	insufficient evidence	[[-449,56,-247]]
30	-451	56	-225	insufficient evidence	[[-451,56,-225]]
31	-458	56	-226	insufficient evidence	[[-458,56,-226]]
37	-461	56	-226	insufficient evidence	[[-461,57,-226],[-461,60,-226],[-461,63,-226],[-461,66,-226],[-464,60,-226],[-464,63,-226],[-464,66,-226],[-458,60,-226],[-458,63,-226],[-458,66,-226],[-461,60,-229],[-461,63,-229],[-461,66,-229],[-461,60,-223],[-461,63,-223],[-461,66,-223]]
37	-457	56	-230	insufficient evidence	[[-457,57,-230],[-457,60,-230],[-457,63,-230],[-457,66,-230],[-460,60,-230],[-460,63,-230],[-460,66,-230],[-454,60,-230],[-454,63,-230],[-454,66,-230],[-457,60,-233],[-457,63,-233],[-457,66,-233],[-457,60,-227],[-457,63,-227],[-457,66,-227]]
31	-455	56	-224	insufficient evidence	[[-455,56,-224]]
30	-457	60	-218	insufficient evidence	[[-457,60,-218]]
30	-454	60	-218	insufficient evidence	[[-454,60,-218]]
183	-457	60	-220	insufficient evidence	[[-457,60,-220]]
30	-461	65	-188	insufficient evidence	[[-461,65,-188]]
31	-459	65	-190	insufficient evidence	[[-459,65,-190]]
174	-463	65	-188	insufficient evidence	[[-463,65,-188]]
179	-464	65	-177	insufficient evidence	[[-464,65,-177]]
180	-460	65	-192	insufficient evidence	[[-460,65,-192]]
180	-460	65	-177	insufficient evidence	[[-460,65,-177]]
30	-450	55	-162	insufficient evidence	[[-450,55,-162]]
222	-451	55	-164	insufficient evidence	[[-451,55,-164]]
149	-462	57	-163	insufficient evidence	[[-462,57,-163]]
149	-458	57	-163	insufficient evidence	[[-458,57,-163]]
31	-456	52	-151	insufficient evidence	[[-456,52,-151]]
179	-457	53	-150	insufficient evidence	[[-457,53,-150]]
179	-457	53	-145	insufficient evidence	[[-457,53,-145]]
30	-449	55	-160	insufficient evidence	[[-449,55,-160]]
31	-451	55	-159	insufficient evidence	[[-451,55,-159]]
31	-451	55	-156	insufficient evidence	[[-451,55,-156]]
175	-453	55	-158	insufficient evidence	[[-453,55,-158]]
30	-461	52	-144	insufficient evidence	[[-461,52,-144]]
31	-458	52	-143	insufficient evidence	[[-458,52,-143]]
180	-459	52	-141	insufficient evidence	[[-459,52,-141]]
205	-459	-35	-78	insufficient evidence	[[-459,-35,-78]]
200	-450	66	-29	insufficient evidence	[[-450,66,-29]]
230	-458	68	-24	insufficient evidence	[[-458,68,-24]]
37	-453	97	-1	insufficient evidence	[[-453,98,-1],[-453,101,-1],[-453,104,-1],[-453,107,-1],[-456,101,-1],[-456,104,-1],[-456,107,-1],[-450,101,-1],[-450,104,-1],[-450,107,-1],[-453,101,-4],[-453,104,-4],[-453,107,-4],[-453,101,2],[-453,104,2],[-453,107,2]]
232	-461	134	53	insufficient evidence	[[-461,134,53]]
233	-461	134	55	insufficient evidence	[[-461,134,55]]
207	-433	81	-328	insufficient evidence	[[-433,81,-328]]
205	-433	82	-328	insufficient evidence	[[-433,82,-328]]
31	-441	65	-293	insufficient evidence	[[-441,65,-293]]
2	-438	65	-284	insufficient evidence	[[-438,66,-284],[-438,68,-284]]
7	-437	65	-285	insufficient evidence	[[-437,65,-285]]
221	-436	65	-285	insufficient evidence	[[-436,65,-285]]
221	-436	66	-285	insufficient evidence	[[-436,66,-285]]
34	-436	60	-266	insufficient evidence	[[-436,61,-266],[-436,64,-266],[-436,67,-266],[-436,70,-266],[-439,64,-266],[-439,67,-266],[-439,70,-266],[-433,64,-266],[-433,67,-266],[-433,70,-266],[-436,64,-269],[-436,67,-269],[-436,70,-269],[-436,64,-263],[-436,67,-263],[-436,70,-263]]
179	-444	65	-270	insufficient evidence	[[-444,65,-270]]
179	-440	65	-270	insufficient evidence	[[-440,65,-270]]
180	-436	65	-270	insufficient evidence	[[-436,65,-270]]
194	-448	56	-247	insufficient evidence	[[-448,56,-247]]
194	-447	56	-246	insufficient evidence	[[-447,56,-246]]
194	-446	56	-244	insufficient evidence	[[-446,56,-244]]
196	-447	56	-245	insufficient evidence	[[-447,56,-245]]
199	-448	56	-246	insufficient evidence	[[-448,56,-246]]
30	-441	56	-226	insufficient evidence	[[-441,56,-226]]
195	-446	56	-228	insufficient evidence	[[-446,56,-228]]
196	-447	56	-227	insufficient evidence	[[-447,56,-227]]
197	-448	56	-226	insufficient evidence	[[-448,56,-226]]
30	-448	60	-219	insufficient evidence	[[-448,60,-219]]
30	-437	60	-211	insufficient evidence	[[-437,60,-211]]
30	-436	60	-209	insufficient evidence	[[-436,60,-209]]
31	-447	60	-221	insufficient evidence	[[-447,60,-221]]
31	-438	60	-209	insufficient evidence	[[-438,60,-209]]
203	-439	66	-194	insufficient evidence	[[-439,66,-194]]
209	-439	67	-194	insufficient evidence	[[-439,67,-194]]
179	-442	68	-192	insufficient evidence	[[-442,68,-192]]
187	-439	71	-192	insufficient evidence	[[-439,71,-192]]
179	-433	76	-192	insufficient evidence	[[-433,76,-192]]
171	-444	65	-171	insufficient evidence	[[-444,65,-171]]
153	-446	70	-172	insufficient evidence	[[-446,70,-172]]
31	-448	55	-158	insufficient evidence	[[-448,55,-158]]
245	-447	113	45	historical omission with proven current owner	[[-447,113,45],[-446,113,45],[-445,113,45],[-444,113,45],[-443,113,45],[-447,113,46],[-443,113,46],[-447,113,47],[-443,113,47],[-447,114,45],[-443,114,45]]
232	-445	134	53	insufficient evidence	[[-445,134,53]]
233	-445	134	55	insufficient evidence	[[-445,134,55]]
30	-432	60	-261	insufficient evidence	[[-432,60,-261]]
30	-426	60	-212	insufficient evidence	[[-426,60,-212]]
30	-425	60	-218	insufficient evidence	[[-425,60,-218]]
31	-429	60	-214	insufficient evidence	[[-429,60,-214]]
31	-428	60	-212	insufficient evidence	[[-428,60,-212]]
99	-424	83	-220	insufficient evidence	[[-424,84,-220]]
99	-424	83	-210	insufficient evidence	[[-424,84,-210]]
171	-432	77	-194	insufficient evidence	[[-432,77,-194]]
173	-432	80	-197	insufficient evidence	[[-432,80,-197]]
171	-432	83	-200	insufficient evidence	[[-432,83,-200]]
174	-432	83	-204	insufficient evidence	[[-432,83,-204]]
30	-422	55	-160	insufficient evidence	[[-422,55,-160]]
30	-417	55	-158	insufficient evidence	[[-417,55,-158]]
31	-419	55	-160	insufficient evidence	[[-419,55,-160]]
99	-424	83	-131	insufficient evidence	[[-424,84,-131]]
99	-424	83	-88	insufficient evidence	[[-424,84,-88]]
99	-424	83	-87	insufficient evidence	[[-424,84,-87]]
99	-424	83	-86	insufficient evidence	[[-424,84,-86]]
34	-432	97	6	insufficient evidence	[[-432,98,6],[-432,101,6],[-432,104,6],[-432,107,6],[-435,101,6],[-435,104,6],[-435,107,6],[-429,101,6],[-429,104,6],[-429,107,6],[-432,101,3],[-432,104,3],[-432,107,3],[-432,101,9],[-432,104,9],[-432,107,9]]
155	-425	113	15	insufficient evidence	[[-425,113,15]]
163	-431	113	15	insufficient evidence	[[-431,113,15]]
37	-418	97	24	insufficient evidence	[[-418,98,24],[-418,101,24],[-418,104,24],[-418,107,24],[-421,101,24],[-421,104,24],[-421,107,24],[-415,101,24],[-415,104,24],[-415,107,24],[-418,101,21],[-418,104,21],[-418,107,21],[-418,101,27],[-418,104,27],[-418,107,27]]
203	-423	107	31	insufficient evidence	[[-423,107,31]]
203	-417	107	31	insufficient evidence	[[-417,107,31]]
155	-426	122	25	insufficient evidence	[[-426,122,25]]
163	-430	122	25	insufficient evidence	[[-430,122,25]]
151	-428	116	32	insufficient evidence	[[-428,116,32]]
151	-420	116	32	insufficient evidence	[[-420,116,32]]
159	-428	116	42	insufficient evidence	[[-428,116,42]]
159	-420	116	42	insufficient evidence	[[-420,116,42]]
128	-404	83	-220	insufficient evidence	[[-404,84,-220]]
128	-404	83	-219	insufficient evidence	[[-404,84,-219]]
128	-404	83	-218	insufficient evidence	[[-404,84,-218]]
128	-404	83	-217	insufficient evidence	[[-404,84,-217]]
128	-404	83	-216	insufficient evidence	[[-404,84,-216]]
128	-404	83	-215	insufficient evidence	[[-404,84,-215]]
128	-404	83	-214	insufficient evidence	[[-404,84,-214]]
128	-404	83	-213	insufficient evidence	[[-404,84,-213]]
128	-404	83	-210	insufficient evidence	[[-404,84,-210]]
209	-404	61	-195	insufficient evidence	[[-404,61,-195]]
207	-404	62	-195	insufficient evidence	[[-404,62,-195]]
187	-404	83	-205	insufficient evidence	[[-404,83,-205]]
30	-414	55	-157	insufficient evidence	[[-414,55,-157]]
30	-409	55	-149	insufficient evidence	[[-409,55,-149]]
30	-407	55	-145	insufficient evidence	[[-407,55,-145]]
31	-415	55	-159	insufficient evidence	[[-415,55,-159]]
30	-410	55	-144	insufficient evidence	[[-410,55,-144]]
30	-403	55	-144	insufficient evidence	[[-403,55,-144]]
31	-405	55	-144	insufficient evidence	[[-405,55,-144]]
180	-411	55	-142	insufficient evidence	[[-411,55,-142]]
180	-403	55	-142	insufficient evidence	[[-403,55,-142]]
104	-404	83	-131	insufficient evidence	[[-404,84,-131]]
104	-404	83	-88	insufficient evidence	[[-404,84,-88]]
104	-404	83	-87	insufficient evidence	[[-404,84,-87]]
104	-404	83	-86	insufficient evidence	[[-404,84,-86]]
151	-385	101	-346	insufficient evidence	[[-385,101,-346]]
159	-385	101	-336	insufficient evidence	[[-385,101,-336]]
31	-394	56	-227	insufficient evidence	[[-394,56,-227]]
30	-394	56	-224	insufficient evidence	[[-394,56,-224]]
30	-394	56	-222	insufficient evidence	[[-394,56,-222]]
30	-400	60	-211	insufficient evidence	[[-400,60,-211]]
30	-399	60	-209	insufficient evidence	[[-399,60,-209]]
31	-397	60	-207	insufficient evidence	[[-397,60,-207]]
179	-400	62	-181	insufficient evidence	[[-400,62,-181]]
72	-400	63	-181	insufficient evidence	[[-400,63,-181]]
72	-392	67	-181	insufficient evidence	[[-392,67,-181]]
179	-400	62	-173	insufficient evidence	[[-400,62,-173]]
72	-400	63	-173	insufficient evidence	[[-400,63,-173]]
72	-392	67	-173	insufficient evidence	[[-392,67,-173]]
30	-394	55	-151	insufficient evidence	[[-394,55,-151]]
30	-392	55	-150	insufficient evidence	[[-392,55,-150]]
31	-394	55	-149	insufficient evidence	[[-394,55,-149]]
183	-392	55	-149	insufficient evidence	[[-392,55,-149]]
36	-386	2	-108	insufficient evidence	[[-386,3,-108],[-386,6,-108],[-386,9,-108],[-386,12,-108],[-389,6,-108],[-389,9,-108],[-389,12,-108],[-383,6,-108],[-383,9,-108],[-383,12,-108],[-386,6,-111],[-386,9,-111],[-386,12,-111],[-386,6,-105],[-386,9,-105],[-386,12,-105]]
205	-370	87	-342	insufficient evidence	[[-370,87,-342]]
209	-370	87	-340	insufficient evidence	[[-370,87,-340]]
203	-378	92	-347	insufficient evidence	[[-378,92,-347]]
203	-372	92	-347	insufficient evidence	[[-372,92,-347]]
151	-375	101	-346	insufficient evidence	[[-375,101,-346]]
159	-375	101	-336	insufficient evidence	[[-375,101,-336]]
30	-374	73	-289	insufficient evidence	[[-374,73,-289]]
30	-373	73	-290	insufficient evidence	[[-373,73,-290]]
31	-374	73	-291	insufficient evidence	[[-374,73,-291]]
31	-371	73	-290	insufficient evidence	[[-371,73,-290]]
31	-371	73	-287	insufficient evidence	[[-371,73,-287]]
174	-370	73	-274	insufficient evidence	[[-370,73,-274]]
58	-370	74	-278	insufficient evidence	[[-370,74,-278]]
30	-378	60	-258	insufficient evidence	[[-378,60,-258]]
31	-375	60	-259	insufficient evidence	[[-375,60,-259]]
203	-376	66	-266	insufficient evidence	[[-376,66,-266]]
209	-376	67	-266	insufficient evidence	[[-376,67,-266]]
30	-373	56	-251	insufficient evidence	[[-373,56,-251]]
30	-373	56	-248	insufficient evidence	[[-373,56,-248]]
31	-371	56	-249	insufficient evidence	[[-371,56,-249]]
165	-380	57	-251	insufficient evidence	[[-380,57,-251]]
30	-369	60	-210	insufficient evidence	[[-369,60,-210]]
173	-373	66	-169	insufficient evidence	[[-373,66,-169]]
223	-383	-10	-115	insufficient evidence	[[-383,-10,-115]]
221	-383	-11	-107	insufficient evidence	[[-383,-11,-107]]
225	-383	-11	-109	insufficient evidence	[[-383,-11,-109]]
219	-383	-10	-107	insufficient evidence	[[-383,-10,-107]]
223	-383	-10	-109	insufficient evidence	[[-383,-10,-109]]
37	-371	-44	-82	insufficient evidence	[[-371,-43,-82],[-371,-40,-82],[-371,-37,-82],[-371,-34,-82],[-374,-40,-82],[-374,-37,-82],[-374,-34,-82],[-368,-40,-82],[-368,-37,-82],[-368,-34,-82],[-371,-40,-85],[-371,-37,-85],[-371,-34,-85],[-371,-40,-79],[-371,-37,-79],[-371,-34,-79]]
37	-380	10	-49	insufficient evidence	[[-380,11,-49],[-380,14,-49],[-380,17,-49],[-380,20,-49],[-383,14,-49],[-383,17,-49],[-383,20,-49],[-377,14,-49],[-377,17,-49],[-377,20,-49],[-380,14,-52],[-380,17,-52],[-380,20,-52],[-380,14,-46],[-380,17,-46],[-380,20,-46]]
151	-364	97	-347	insufficient evidence	[[-364,97,-347]]
151	-364	114	-345	insufficient evidence	[[-364,114,-345]]
159	-364	114	-337	insufficient evidence	[[-364,114,-337]]
30	-368	73	-290	insufficient evidence	[[-368,73,-290]]
30	-365	73	-276	insufficient evidence	[[-365,73,-276]]
30	-365	73	-273	insufficient evidence	[[-365,73,-273]]
31	-368	73	-275	insufficient evidence	[[-368,73,-275]]
31	-367	73	-273	insufficient evidence	[[-367,73,-273]]
31	-366	73	-275	insufficient evidence	[[-366,73,-275]]
30	-357	60	-267	insufficient evidence	[[-357,60,-267]]
30	-355	60	-268	insufficient evidence	[[-355,60,-268]]
31	-354	60	-268	insufficient evidence	[[-354,60,-268]]
30	-362	60	-209	insufficient evidence	[[-362,60,-209]]
202	-363	82	-180	insufficient evidence	[[-363,82,-180]]
202	-363	82	-176	insufficient evidence	[[-363,82,-176]]
210	-368	66	-147	insufficient evidence	[[-368,66,-147]]
202	-368	68	-147	insufficient evidence	[[-368,68,-147]]
201	-368	69	-147	insufficient evidence	[[-368,69,-147]]
36	-365	35	-125	insufficient evidence	[[-365,36,-125],[-365,39,-125],[-365,42,-125],[-365,45,-125],[-368,39,-125],[-368,42,-125],[-368,45,-125],[-362,39,-125],[-362,42,-125],[-362,45,-125],[-365,39,-128],[-365,42,-128],[-365,45,-128],[-365,39,-122],[-365,42,-122],[-365,45,-122]]
30	-349	73	-289	insufficient evidence	[[-349,73,-289]]
202	-342	76	-301	insufficient evidence	[[-342,76,-301]]
30	-349	73	-285	insufficient evidence	[[-349,73,-285]]
31	-351	73	-287	insufficient evidence	[[-351,73,-287]]
31	-349	73	-286	insufficient evidence	[[-349,73,-286]]
31	-344	73	-281	insufficient evidence	[[-344,73,-281]]
30	-346	60	-214	insufficient evidence	[[-346,60,-214]]
30	-346	60	-211	insufficient evidence	[[-346,60,-211]]
30	-344	60	-211	insufficient evidence	[[-344,60,-211]]
31	-345	70	-164	insufficient evidence	[[-345,70,-164]]
174	-347	70	-165	insufficient evidence	[[-347,70,-165]]
31	-337	77	-153	insufficient evidence	[[-337,77,-153]]
149	-348	77	-159	insufficient evidence	[[-348,77,-159]]
187	-340	77	-145	insufficient evidence	[[-340,77,-145]]
80	-340	78	-145	insufficient evidence	[[-340,78,-145]]
180	-337	78	-149	insufficient evidence	[[-337,78,-149]]
73	-340	79	-149	insufficient evidence	[[-340,79,-149]]
151	-346	81	-159	insufficient evidence	[[-346,81,-159]]
159	-346	81	-147	insufficient evidence	[[-346,81,-147]]
151	-347	66	-131	insufficient evidence	[[-347,66,-131]]
189	-352	48	-118	insufficient evidence	[[-352,48,-118]]
82	-352	49	-118	insufficient evidence	[[-352,49,-118]]
159	-347	66	-121	insufficient evidence	[[-347,66,-121]]
34	-338	-38	-68	insufficient evidence	[[-338,-37,-68],[-338,-34,-68],[-338,-31,-68],[-338,-28,-68],[-341,-34,-68],[-341,-31,-68],[-341,-28,-68],[-335,-34,-68],[-335,-31,-68],[-335,-28,-68],[-338,-34,-71],[-338,-31,-71],[-338,-28,-71],[-338,-34,-65],[-338,-31,-65],[-338,-28,-65]]
205	-350	81	21	insufficient evidence	[[-350,81,21]]
209	-350	81	23	insufficient evidence	[[-350,81,23]]
207	-348	85	28	insufficient evidence	[[-348,85,28]]
207	-342	85	28	insufficient evidence	[[-342,85,28]]
151	-345	94	17	insufficient evidence	[[-345,94,17]]
159	-345	94	27	insufficient evidence	[[-345,94,27]]
30	-326	60	-263	insufficient evidence	[[-326,60,-263]]
31	-328	60	-264	insufficient evidence	[[-328,60,-264]]
31	-322	60	-257	insufficient evidence	[[-322,60,-257]]
30	-325	60	-248	insufficient evidence	[[-325,60,-248]]
180	-325	60	-246	insufficient evidence	[[-325,60,-246]]
207	-329	76	-193	insufficient evidence	[[-329,76,-193]]
205	-329	77	-193	insufficient evidence	[[-329,77,-193]]
30	-330	70	-177	insufficient evidence	[[-330,70,-177]]
180	-330	70	-179	insufficient evidence	[[-330,70,-179]]
187	-329	70	-177	insufficient evidence	[[-329,70,-177]]
30	-329	70	-175	insufficient evidence	[[-329,70,-175]]
151	-336	61	-130	insufficient evidence	[[-336,61,-130]]
30	-333	77	-138	insufficient evidence	[[-333,77,-138]]
30	-328	77	-130	insufficient evidence	[[-328,77,-130]]
31	-332	77	-137	insufficient evidence	[[-332,77,-137]]
31	-331	77	-135	insufficient evidence	[[-331,77,-135]]
141	-333	77	-133	insufficient evidence	[[-333,78,-133]]
141	-330	77	-129	insufficient evidence	[[-330,78,-129]]
145	-335	77	-134	insufficient evidence	[[-335,78,-134]]
145	-334	77	-134	insufficient evidence	[[-334,78,-134]]
145	-331	77	-130	insufficient evidence	[[-331,78,-130]]
30	-322	48	-117	insufficient evidence	[[-322,48,-117]]
31	-321	48	-116	insufficient evidence	[[-321,48,-116]]
159	-336	61	-122	insufficient evidence	[[-336,61,-122]]
30	-328	77	-126	insufficient evidence	[[-328,77,-126]]
30	-324	77	-124	insufficient evidence	[[-324,77,-124]]
141	-330	77	-127	insufficient evidence	[[-330,78,-127]]
141	-330	77	-126	insufficient evidence	[[-330,78,-126]]
141	-330	77	-125	insufficient evidence	[[-330,78,-125]]
143	-322	77	-125	insufficient evidence	[[-322,78,-125]]
143	-322	77	-123	insufficient evidence	[[-322,78,-123]]
36	-334	23	-33	insufficient evidence	[[-334,24,-33],[-334,27,-33],[-334,30,-33],[-334,33,-33],[-337,27,-33],[-337,30,-33],[-337,33,-33],[-331,27,-33],[-331,30,-33],[-331,33,-33],[-334,27,-36],[-334,30,-36],[-334,33,-36],[-334,27,-30],[-334,30,-30],[-334,33,-30]]
151	-335	94	17	insufficient evidence	[[-335,94,17]]
159	-335	94	27	insufficient evidence	[[-335,94,27]]
151	-317	103	-325	insufficient evidence	[[-317,103,-325]]
159	-317	103	-313	insufficient evidence	[[-317,103,-313]]
33	-316	77	-304	insufficient evidence	[[-316,78,-304],[-316,81,-304],[-316,84,-304],[-316,87,-304],[-319,81,-304],[-319,84,-304],[-319,87,-304],[-313,81,-304],[-313,84,-304],[-313,87,-304],[-316,81,-307],[-316,84,-307],[-316,87,-307],[-316,81,-301],[-316,84,-301],[-316,87,-301]]
153	-311	65	-261	insufficient evidence	[[-311,65,-261]]
30	-312	60	-254	insufficient evidence	[[-312,60,-254]]
30	-311	60	-252	insufficient evidence	[[-311,60,-252]]
30	-310	60	-253	insufficient evidence	[[-310,60,-253]]
30	-309	60	-250	insufficient evidence	[[-309,60,-250]]
31	-320	60	-256	insufficient evidence	[[-320,60,-256]]
31	-305	56	-223	insufficient evidence	[[-305,56,-223]]
31	-307	73	-168	insufficient evidence	[[-307,73,-168]]
180	-306	73	-170	insufficient evidence	[[-306,73,-170]]
31	-307	77	-136	insufficient evidence	[[-307,77,-136]]
145	-308	77	-134	insufficient evidence	[[-308,78,-134]]
145	-307	77	-134	insufficient evidence	[[-307,78,-134]]
145	-306	77	-134	insufficient evidence	[[-306,78,-134]]
30	-308	41	-64	insufficient evidence	[[-308,41,-64]]
34	-319	23	-20	insufficient evidence	[[-319,24,-20],[-319,27,-20],[-319,30,-20],[-319,33,-20],[-322,27,-20],[-322,30,-20],[-322,33,-20],[-316,27,-20],[-316,30,-20],[-316,33,-20],[-319,27,-23],[-319,30,-23],[-319,33,-23],[-319,27,-17],[-319,30,-17],[-319,33,-17]]
215	-309	62	-1	insufficient evidence	[[-309,62,-1]]
163	-309	67	-9	insufficient evidence	[[-309,67,-9]]
163	-307	84	-9	insufficient evidence	[[-307,84,-9]]
215	-309	62	5	insufficient evidence	[[-309,62,5]]
163	-308	71	2	insufficient evidence	[[-308,71,2]]
163	-308	71	12	insufficient evidence	[[-308,71,12]]
34	-290	76	-285	insufficient evidence	[[-290,77,-285],[-290,80,-285],[-290,83,-285],[-290,86,-285],[-293,80,-285],[-293,83,-285],[-293,86,-285],[-287,80,-285],[-287,83,-285],[-287,86,-285],[-290,80,-288],[-290,83,-288],[-290,86,-288],[-290,80,-282],[-290,83,-282],[-290,86,-282]]
202	-289	68	-260	insufficient evidence	[[-289,68,-260]]
151	-290	104	-271	insufficient evidence	[[-290,104,-271]]
159	-290	104	-263	insufficient evidence	[[-290,104,-263]]
30	-291	60	-249	insufficient evidence	[[-291,60,-249]]
31	-289	60	-251	insufficient evidence	[[-289,60,-251]]
209	-302	65	-256	insufficient evidence	[[-302,65,-256]]
34	-294	68	-256	insufficient evidence	[[-294,69,-256],[-294,72,-256],[-294,75,-256],[-294,78,-256],[-297,72,-256],[-297,75,-256],[-297,78,-256],[-291,72,-256],[-291,75,-256],[-291,78,-256],[-294,72,-259],[-294,75,-259],[-294,78,-259],[-294,72,-253],[-294,75,-253],[-294,78,-253]]
31	-289	56	-226	insufficient evidence	[[-289,56,-226]]
31	-304	56	-221	insufficient evidence	[[-304,56,-221]]
199	-303	56	-223	insufficient evidence	[[-303,56,-223]]
199	-302	56	-221	insufficient evidence	[[-302,56,-221]]
199	-300	56	-219	insufficient evidence	[[-300,56,-219]]
31	-300	56	-196	insufficient evidence	[[-300,56,-196]]
31	-300	56	-194	insufficient evidence	[[-300,56,-194]]
30	-299	56	-172	insufficient evidence	[[-299,56,-172]]
31	-297	56	-171	insufficient evidence	[[-297,56,-171]]
30	-290	55	-147	insufficient evidence	[[-290,55,-147]]
31	-290	56	-151	insufficient evidence	[[-290,56,-151]]
202	-293	61	-154	insufficient evidence	[[-293,61,-154]]
217	-304	56	-137	insufficient evidence	[[-304,56,-137]]
165	-298	49	-120	insufficient evidence	[[-298,49,-120]]
31	-302	44	-64	insufficient evidence	[[-302,44,-64]]
174	-304	44	-64	insufficient evidence	[[-304,44,-64]]
191	-304	50	-56	insufficient evidence	[[-304,50,-56]]
33	-300	44	-43	insufficient evidence	[[-300,45,-43],[-300,48,-43],[-300,51,-43],[-300,54,-43],[-303,48,-43],[-303,51,-43],[-303,54,-43],[-297,48,-43],[-297,51,-43],[-297,54,-43],[-300,48,-46],[-300,51,-46],[-300,54,-46],[-300,48,-40],[-300,51,-40],[-300,54,-40]]
37	-295	44	-38	insufficient evidence	[[-295,45,-38],[-295,48,-38],[-295,51,-38],[-295,54,-38],[-298,48,-38],[-298,51,-38],[-298,54,-38],[-292,48,-38],[-292,51,-38],[-292,54,-38],[-295,48,-41],[-295,51,-41],[-295,54,-41],[-295,48,-35],[-295,51,-35],[-295,54,-35]]
202	-302	57	-3	insufficient evidence	[[-302,57,-3]]
217	-304	57	-3	insufficient evidence	[[-304,57,-3]]
155	-299	84	-9	insufficient evidence	[[-299,84,-9]]
155	-298	71	2	insufficient evidence	[[-298,71,2]]
155	-298	71	12	insufficient evidence	[[-298,71,12]]
203	-282	82	-273	insufficient evidence	[[-282,82,-273]]
203	-276	82	-273	insufficient evidence	[[-276,82,-273]]
31	-287	68	-259	insufficient evidence	[[-287,68,-259]]
205	-284	77	-268	insufficient evidence	[[-284,77,-268]]
209	-284	77	-266	insufficient evidence	[[-284,77,-266]]
151	-279	91	-272	insufficient evidence	[[-279,91,-272]]
159	-279	91	-262	insufficient evidence	[[-279,91,-262]]
30	-288	60	-248	insufficient evidence	[[-288,60,-248]]
31	-286	56	-230	insufficient evidence	[[-286,56,-230]]
30	-281	60	-227	insufficient evidence	[[-281,60,-227]]
30	-280	60	-225	insufficient evidence	[[-280,60,-225]]
31	-278	60	-227	insufficient evidence	[[-278,60,-227]]
180	-280	60	-223	insufficient evidence	[[-280,60,-223]]
30	-286	56	-183	insufficient evidence	[[-286,56,-183]]
30	-284	56	-182	insufficient evidence	[[-284,56,-182]]
30	-283	56	-179	insufficient evidence	[[-283,56,-179]]
31	-288	56	-182	insufficient evidence	[[-288,56,-182]]
31	-282	56	-182	insufficient evidence	[[-282,56,-182]]
60	-281	57	-161	insufficient evidence	[[-281,57,-161]]
30	-283	56	-157	insufficient evidence	[[-283,56,-157]]
31	-282	56	-155	insufficient evidence	[[-282,56,-155]]
171	-281	58	-159	insufficient evidence	[[-281,58,-159]]
171	-281	61	-156	insufficient evidence	[[-281,61,-156]]
171	-281	64	-153	insufficient evidence	[[-281,64,-153]]
171	-281	67	-150	insufficient evidence	[[-281,67,-150]]
167	-281	69	-147	insufficient evidence	[[-281,69,-147]]
151	-279	72	-130	insufficient evidence	[[-279,72,-130]]
31	-282	48	-119	insufficient evidence	[[-282,48,-119]]
31	-280	48	-118	insufficient evidence	[[-280,48,-118]]
159	-279	72	-122	insufficient evidence	[[-279,72,-122]]
36	-280	42	-102	insufficient evidence	[[-280,43,-102],[-280,46,-102],[-280,49,-102],[-280,52,-102],[-283,46,-102],[-283,49,-102],[-283,52,-102],[-277,46,-102],[-277,49,-102],[-277,52,-102],[-280,46,-105],[-280,49,-105],[-280,52,-105],[-280,46,-99],[-280,49,-99],[-280,52,-99]]
33	-287	42	-94	insufficient evidence	[[-287,43,-94],[-287,46,-94],[-287,49,-94],[-287,52,-94],[-290,46,-94],[-290,49,-94],[-290,52,-94],[-284,46,-94],[-284,49,-94],[-284,52,-94],[-287,46,-97],[-287,49,-97],[-287,52,-97],[-287,46,-91],[-287,49,-91],[-287,52,-91]]
33	-287	42	-56	insufficient evidence	[[-287,43,-56],[-287,46,-56],[-287,49,-56],[-287,52,-56],[-290,46,-56],[-290,49,-56],[-290,52,-56],[-284,46,-56],[-284,49,-56],[-284,52,-56],[-287,46,-59],[-287,49,-59],[-287,52,-59],[-287,46,-53],[-287,49,-53],[-287,52,-53]]
37	-274	42	-59	insufficient evidence	[[-274,43,-59],[-274,46,-59],[-274,49,-59],[-274,52,-59],[-277,46,-59],[-277,49,-59],[-277,52,-59],[-271,46,-59],[-271,49,-59],[-271,52,-59],[-274,46,-62],[-274,49,-62],[-274,52,-62],[-274,46,-56],[-274,49,-56],[-274,52,-56]]
243	-282	43	-49	insufficient evidence	[[-282,43,-49]]
243	-273	43	-44	insufficient evidence	[[-273,43,-44]]
36	-278	44	-36	insufficient evidence	[[-278,45,-36],[-278,48,-36],[-278,51,-36],[-278,54,-36],[-281,48,-36],[-281,51,-36],[-281,54,-36],[-275,48,-36],[-275,51,-36],[-275,54,-36],[-278,48,-39],[-278,51,-39],[-278,54,-39],[-278,48,-33],[-278,51,-33],[-278,54,-33]]
217	-263	84	-273	insufficient evidence	[[-263,84,-273]]
151	-269	91	-272	insufficient evidence	[[-269,91,-272]]
159	-269	91	-262	insufficient evidence	[[-269,91,-262]]
153	-257	66	-225	insufficient evidence	[[-257,66,-225]]
155	-271	68	-210	insufficient evidence	[[-271,68,-210]]
215	-258	71	-214	insufficient evidence	[[-258,71,-214]]
202	-258	72	-214	insufficient evidence	[[-258,72,-214]]
30	-268	60	-201	insufficient evidence	[[-268,60,-201]]
30	-259	60	-185	insufficient evidence	[[-259,60,-185]]
31	-262	60	-178	insufficient evidence	[[-262,60,-178]]
30	-270	73	-172	insufficient evidence	[[-270,73,-172]]
31	-272	73	-172	insufficient evidence	[[-272,73,-172]]
180	-271	73	-174	insufficient evidence	[[-271,73,-174]]
60	-259	70	-145	insufficient evidence	[[-259,70,-145]]
31	-265	73	-160	insufficient evidence	[[-265,73,-160]]
171	-259	73	-151	insufficient evidence	[[-259,73,-151]]
174	-259	73	-154	insufficient evidence	[[-259,73,-154]]
173	-259	69	-142	insufficient evidence	[[-259,69,-142]]
180	-263	69	-134	insufficient evidence	[[-263,69,-134]]
66	-259	70	-142	insufficient evidence	[[-259,70,-142]]
73	-263	70	-134	insufficient evidence	[[-263,70,-134]]
151	-268	77	-131	insufficient evidence	[[-268,77,-131]]
159	-268	77	-121	insufficient evidence	[[-268,77,-121]]
157	-268	48	-97	insufficient evidence	[[-268,48,-97]]
36	-271	42	-91	insufficient evidence	[[-271,43,-91],[-271,46,-91],[-271,49,-91],[-271,52,-91],[-274,46,-91],[-274,49,-91],[-274,52,-91],[-268,46,-91],[-268,49,-91],[-268,52,-91],[-271,46,-94],[-271,49,-94],[-271,52,-94],[-271,46,-88],[-271,49,-88],[-271,52,-88]]
159	-260	60	-3	insufficient evidence	[[-260,60,-3]]
151	-260	77	-13	insufficient evidence	[[-260,77,-13]]
159	-260	77	-5	insufficient evidence	[[-260,77,-5]]
165	-247	79	-300	insufficient evidence	[[-247,79,-300]]
209	-251	73	-287	insufficient evidence	[[-251,73,-287]]
30	-248	68	-255	insufficient evidence	[[-248,68,-255]]
180	-248	68	-253	insufficient evidence	[[-248,68,-253]]
167	-255	69	-145	insufficient evidence	[[-255,69,-145]]
60	-255	70	-145	insufficient evidence	[[-255,70,-145]]
179	-255	73	-151	insufficient evidence	[[-255,73,-151]]
205	-254	50	-10	insufficient evidence	[[-254,50,-10]]
209	-254	50	-8	insufficient evidence	[[-254,50,-8]]
207	-252	55	-3	insufficient evidence	[[-252,55,-3]]
207	-246	55	-3	insufficient evidence	[[-246,55,-3]]
151	-249	64	-14	insufficient evidence	[[-249,64,-14]]
159	-249	64	-4	insufficient evidence	[[-249,64,-4]]
214	-248	120	40	insufficient evidence	[[-248,120,40]]
214	-248	120	46	insufficient evidence	[[-248,120,46]]
214	-248	121	40	insufficient evidence	[[-248,121,40]]
214	-248	121	46	insufficient evidence	[[-248,121,46]]
214	-248	126	40	insufficient evidence	[[-248,126,40]]
214	-248	126	42	insufficient evidence	[[-248,126,42]]
214	-248	126	44	insufficient evidence	[[-248,126,44]]
214	-248	126	46	insufficient evidence	[[-248,126,46]]
214	-248	127	40	insufficient evidence	[[-248,127,40]]
214	-248	127	46	insufficient evidence	[[-248,127,46]]
214	-248	128	40	insufficient evidence	[[-248,128,40]]
214	-248	128	46	insufficient evidence	[[-248,128,46]]
214	-248	129	40	insufficient evidence	[[-248,129,40]]
214	-248	129	46	insufficient evidence	[[-248,129,46]]
214	-248	136	40	insufficient evidence	[[-248,136,40]]
214	-248	136	42	insufficient evidence	[[-248,136,42]]
214	-248	136	44	insufficient evidence	[[-248,136,44]]
214	-248	136	46	insufficient evidence	[[-248,136,46]]
214	-248	137	40	insufficient evidence	[[-248,137,40]]
214	-248	137	46	insufficient evidence	[[-248,137,46]]
214	-248	138	40	insufficient evidence	[[-248,138,40]]
54	-244	139	48	insufficient evidence	[[-244,140,48]]
151	-225	91	-297	insufficient evidence	[[-225,91,-297]]
203	-237	74	-288	insufficient evidence	[[-237,74,-288]]
209	-237	75	-288	insufficient evidence	[[-237,75,-288]]
159	-225	91	-287	insufficient evidence	[[-225,91,-287]]
34	-231	85	-272	insufficient evidence	[[-231,86,-272],[-231,89,-272],[-231,92,-272],[-231,95,-272],[-234,89,-272],[-234,92,-272],[-234,95,-272],[-228,89,-272],[-228,92,-272],[-228,95,-272],[-231,89,-275],[-231,92,-275],[-231,95,-275],[-231,89,-269],[-231,92,-269],[-231,95,-269]]
30	-238	64	-246	insufficient evidence	[[-238,64,-246]]
31	-232	64	-242	insufficient evidence	[[-232,64,-242]]
33	-237	64	-244	insufficient evidence	[[-237,65,-244],[-237,68,-244],[-237,71,-244],[-237,74,-244],[-240,68,-244],[-240,71,-244],[-240,74,-244],[-234,68,-244],[-234,71,-244],[-234,74,-244],[-237,68,-247],[-237,71,-247],[-237,74,-247],[-237,68,-241],[-237,71,-241],[-237,74,-241]]
206	-228	64	-243	insufficient evidence	[[-228,64,-243]]
206	-228	65	-243	insufficient evidence	[[-228,65,-243]]
34	-231	82	-254	insufficient evidence	[[-231,83,-254],[-231,86,-254],[-231,89,-254],[-231,92,-254],[-234,86,-254],[-234,89,-254],[-234,92,-254],[-228,86,-254],[-228,89,-254],[-228,92,-254],[-231,86,-257],[-231,89,-257],[-231,92,-257],[-231,86,-251],[-231,89,-251],[-231,92,-251]]
31	-239	64	-236	insufficient evidence	[[-239,64,-236]]
151	-228	82	-165	insufficient evidence	[[-228,82,-165]]
151	-225	88	-137	insufficient evidence	[[-225,88,-137]]
203	-237	71	-125	insufficient evidence	[[-237,71,-125]]
209	-237	72	-125	insufficient evidence	[[-237,72,-125]]
159	-225	88	-127	insufficient evidence	[[-225,88,-127]]
161	-228	44	-84	insufficient evidence	[[-228,44,-84]]
161	-228	44	-82	insufficient evidence	[[-228,44,-82]]
163	-228	48	-83	insufficient evidence	[[-228,48,-83]]
163	-226	53	-94	insufficient evidence	[[-226,53,-94]]
163	-227	58	-83	insufficient evidence	[[-227,58,-83]]
151	-239	64	-14	insufficient evidence	[[-239,64,-14]]
159	-239	64	-4	insufficient evidence	[[-239,64,-4]]
229	-240	120	40	insufficient evidence	[[-240,120,40]]
229	-240	120	46	insufficient evidence	[[-240,120,46]]
229	-240	121	40	insufficient evidence	[[-240,121,40]]
229	-240	121	46	insufficient evidence	[[-240,121,46]]
229	-240	126	40	insufficient evidence	[[-240,126,40]]
229	-240	126	42	insufficient evidence	[[-240,126,42]]
229	-240	126	44	insufficient evidence	[[-240,126,44]]
229	-240	126	46	insufficient evidence	[[-240,126,46]]
229	-240	127	40	insufficient evidence	[[-240,127,40]]
229	-240	127	46	insufficient evidence	[[-240,127,46]]
229	-240	128	40	insufficient evidence	[[-240,128,40]]
229	-240	128	46	insufficient evidence	[[-240,128,46]]
229	-240	129	40	insufficient evidence	[[-240,129,40]]
229	-240	129	46	insufficient evidence	[[-240,129,46]]
229	-240	136	40	insufficient evidence	[[-240,136,40]]
229	-240	136	42	insufficient evidence	[[-240,136,42]]
229	-240	136	44	insufficient evidence	[[-240,136,44]]
229	-240	136	46	insufficient evidence	[[-240,136,46]]
229	-240	137	40	insufficient evidence	[[-240,137,40]]
229	-240	137	46	insufficient evidence	[[-240,137,46]]
229	-240	138	46	insufficient evidence	[[-240,138,46]]
151	-214	86	-296	insufficient evidence	[[-214,86,-296]]
159	-214	86	-288	insufficient evidence	[[-214,86,-288]]
205	-210	74	-133	insufficient evidence	[[-210,74,-133]]
209	-210	74	-131	insufficient evidence	[[-210,74,-131]]
203	-218	79	-138	insufficient evidence	[[-218,79,-138]]
203	-212	79	-138	insufficient evidence	[[-212,79,-138]]
226	-224	81	-143	insufficient evidence	[[-224,81,-143]]
151	-215	88	-137	insufficient evidence	[[-215,88,-137]]
159	-215	88	-127	insufficient evidence	[[-215,88,-127]]
155	-218	53	-94	insufficient evidence	[[-218,53,-94]]
155	-217	58	-83	insufficient evidence	[[-217,58,-83]]
34	-219	35	-68	insufficient evidence	[[-219,36,-68],[-219,39,-68],[-219,42,-68],[-219,45,-68],[-222,39,-68],[-222,42,-68],[-222,45,-68],[-216,39,-68],[-216,42,-68],[-216,45,-68],[-219,39,-71],[-219,42,-71],[-219,45,-71],[-219,39,-65],[-219,42,-65],[-219,45,-65]]
36	-199	35	-69	insufficient evidence	[[-199,36,-69],[-199,39,-69],[-199,42,-69],[-199,45,-69],[-202,39,-69],[-202,42,-69],[-202,45,-69],[-196,39,-69],[-196,42,-69],[-196,45,-69],[-199,39,-72],[-199,42,-72],[-199,45,-72],[-199,39,-66],[-199,42,-66],[-199,45,-66]]
217	-194	46	-9	insufficient evidence	[[-194,46,-9]]
206	-182	35	-68	insufficient evidence	[[-182,35,-68]]
203	-182	38	-68	insufficient evidence	[[-182,38,-68]]
155	-164	54	-98	insufficient evidence	[[-164,54,-98]]
163	-176	54	-98	insufficient evidence	[[-176,54,-98]]
32	-169	51	-36	insufficient evidence	[[-169,52,-36],[-169,55,-36],[-169,58,-36],[-169,61,-36],[-172,55,-36],[-172,58,-36],[-172,61,-36],[-166,55,-36],[-166,58,-36],[-166,61,-36],[-169,55,-39],[-169,58,-39],[-169,61,-39],[-169,55,-33],[-169,58,-33],[-169,61,-33]]
34	-169	51	-43	insufficient evidence	[[-169,52,-43],[-169,55,-43],[-169,58,-43],[-169,61,-43],[-172,55,-43],[-172,58,-43],[-172,61,-43],[-166,55,-43],[-166,58,-43],[-166,61,-43],[-169,55,-46],[-169,58,-46],[-169,61,-46],[-169,55,-40],[-169,58,-40],[-169,61,-40]]
117	-151	52	-69	insufficient evidence	[[-151,52,-69]]
217	-129	37	-64	insufficient evidence	[[-129,37,-64]]
217	-129	38	-64	insufficient evidence	[[-129,38,-64]]
217	-129	39	-64	insufficient evidence	[[-129,39,-64]]
217	-129	40	-64	insufficient evidence	[[-129,40,-64]]
217	-129	41	-64	insufficient evidence	[[-129,41,-64]]
217	-129	42	-64	insufficient evidence	[[-129,42,-64]]
217	-129	51	-64	insufficient evidence	[[-129,51,-64]]
207	-128	52	-63	insufficient evidence	[[-128,52,-63]]
