id,behavior,states,new_anchor,default_visible,models
acacia_button,generic,48,True,True,bloodborne_blocks:block/addon/crimson_button_0
acacia_fence,generic,128,False,True,bloodborne_blocks:block/acacia_fence_post
acacia_fence_gate,generic,64,True,True,bloodborne_blocks:block/addon/acacia_fence_gate_open_0
acacia_log,pillar,6,True,True,bloodborne_blocks:block/acacia_log
acacia_planks,generic,8,True,True,bloodborne_blocks:block/acacia_planks
acacia_sapling,plant,4,True,True,bloodborne_blocks:block/acacia_sapling
acacia_slab,slab,6,False,True,bloodborne_blocks:block/acacia_slab
acacia_stairs,model_door,320,True,True,bloodborne_blocks:block/aca_door_1
acacia_trapdoor,generic,128,True,True,bloodborne_blocks:block/acacia_trapdoor_bottom
acacia_wood,pillar,6,True,True,bloodborne_blocks:block/acacia_wood
activator_rail,generic,192,True,True,bloodborne_blocks:block/rails/activator_0
amethyst_block,generic,8,True,True,bloodborne_blocks:block/amethyst_block
ancient_debris,generic,8,True,True,bloodborne_blocks:block/ancient_debris
andesite,generic,4,False,True,bloodborne_blocks:block/andesite
andesite_slab,slab,6,False,True,bloodborne_blocks:block/andesite_slab
andesite_stairs,stairs,80,False,True,bloodborne_blocks:block/andesite_stairs
andesite_wall,generic,1296,False,True,bloodborne_blocks:block/bricks/post_black_0
bamboo_trapdoor,trapdoor,64,False,True,bloodborne_blocks:block/bamboo_trapdoor_bottom
beacon,generic,4,False,True,bloodborne_blocks:block/beacon
bell,generic,64,True,True,bloodborne_blocks:block/bell_floor
birch_fence,generic,128,False,True,bloodborne_blocks:block/birch_fence
birch_fence_gate,generic,64,True,True,bloodborne_blocks:block/addon/oak_fence_gate_open_0
birch_log,pillar,6,True,True,bloodborne_blocks:block/birch_log
birch_planks,generic,8,True,True,bloodborne_blocks:block/birch_planks
birch_slab,slab,6,False,True,bloodborne_blocks:block/birch_slab
birch_stairs,model_door,320,True,True,bloodborne_blocks:block/bir_door_1
birch_trapdoor,generic,128,True,True,bloodborne_blocks:block/birch_trapdoor_bottom
birch_wood,pillar,6,True,True,bloodborne_blocks:block/birch_wood
black_glazed_terracotta,generic,8,True,True,bloodborne_blocks:block/black_glazed_terracotta
black_stained_glass,generic,8,True,True,bloodborne_blocks:block/black_stained_glass
black_stained_glass_pane,generic,128,False,True,bloodborne_blocks:block/black_stained_glass_pane_post | bloodborne_blocks:block/black_stained_glass_pane_noside | bloodborne_blocks:block/black_stained_glass_pane_noside_alt | bloodborne_blocks:block/black_stained_glass_pane_noside_alt | bloodborne_blocks:block/black_stained_glass_pane_noside
black_terracotta,generic,8,True,True,bloodborne_blocks:block/black_terracotta
blackstone,generic,8,True,True,bloodborne_blocks:block/blackstone
blackstone_slab,slab,6,False,True,bloodborne_blocks:block/blackstone_slab
blackstone_stairs,generic,160,True,True,bloodborne_blocks:block/hold/window_02
blackstone_wall,generic,1296,False,True,bloodborne_blocks:block/blackstone_wall_1
blue_concrete,generic,8,True,True,bloodborne_blocks:block/blue_concrete
blue_glazed_terracotta,generic,8,True,True,bloodborne_blocks:block/addon/blue_glazed_terracotta_0
blue_stained_glass,generic,4,False,True,bloodborne_blocks:block/blue_stained_glass
blue_stained_glass_pane,generic,128,False,True,bloodborne_blocks:block/blue_stained_glass_pane_post | bloodborne_blocks:block/blue_stained_glass_pane_noside | bloodborne_blocks:block/blue_stained_glass_pane_noside_alt | bloodborne_blocks:block/blue_stained_glass_pane_noside_alt | bloodborne_blocks:block/blue_stained_glass_pane_noside
blue_terracotta,generic,8,True,True,bloodborne_blocks:block/blue_terracotta
bone_block,pillar,6,True,True,bloodborne_blocks:block/addon/note_2
brick_slab,slab,6,False,True,bloodborne_blocks:block/brick_slab
brick_stairs,stairs,80,False,True,bloodborne_blocks:block/brick_stairs
brick_wall,generic,1296,False,True,bloodborne_blocks:block/brick_wall_post
bricks,generic,4,False,True,bloodborne_blocks:block/bricks
brown_concrete,generic,8,True,True,bloodborne_blocks:block/brown_concrete
brown_glazed_terracotta,generic,8,True,True,bloodborne_blocks:block/brown_glazed_terracotta
brown_stained_glass,generic,4,False,True,bloodborne_blocks:block/brown_stained_glass
brown_stained_glass_pane,generic,128,False,True,bloodborne_blocks:block/brown_stained_glass_pane_post | bloodborne_blocks:block/brown_stained_glass_pane_noside | bloodborne_blocks:block/brown_stained_glass_pane_noside_alt | bloodborne_blocks:block/brown_stained_glass_pane_noside_alt | bloodborne_blocks:block/brown_stained_glass_pane_noside
brown_terracotta,generic,8,True,True,bloodborne_blocks:block/brown_terracotta
calcite,generic,4,False,True,bloodborne_blocks:block/calcite
chain,pillar,12,True,True,bloodborne_blocks:block/addon/chain_0
cherry_trapdoor,trapdoor,64,False,True,bloodborne_blocks:block/cherry_trapdoor_bottom
chiseled_deepslate,generic,8,True,True,bloodborne_blocks:block/chiseled_deepslate
chiseled_nether_bricks,generic,8,True,True,bloodborne_blocks:block/chiseled_nether_bricks
chiseled_polished_blackstone,generic,8,True,True,bloodborne_blocks:block/chiseled_polished_blackstone
chiseled_quartz_block,generic,8,True,True,bloodborne_blocks:block/chiseled_quartz_block
chiseled_red_sandstone,generic,8,True,True,bloodborne_blocks:block/chiseled_red_sandstone
chiseled_sandstone,generic,8,True,True,bloodborne_blocks:block/chiseled_sandstone
coal_block,generic,8,True,True,bloodborne_blocks:block/coal_block
coal_ore,generic,8,True,True,bloodborne_blocks:block/coal_ore
coarse_dirt,generic,4,False,True,bloodborne_blocks:block/coarse_dirt
cobbled_deepslate,generic,4,False,True,bloodborne_blocks:block/cobbled_deepslate
cobbled_deepslate_slab,slab,6,False,True,bloodborne_blocks:block/cobbled_deepslate_slab
cobbled_deepslate_stairs,stairs,80,False,True,bloodborne_blocks:block/cobbled_deepslate_stairs
cobbled_deepslate_wall,generic,1296,False,True,bloodborne_blocks:block/cobbled_deepslate_wall_post
cobblestone,generic,4,False,True,bloodborne_blocks:block/cobblestone
cobblestone_slab,slab,6,False,True,bloodborne_blocks:block/cobblestone_slab
cobblestone_stairs,stairs,80,False,True,bloodborne_blocks:block/cobblestone_stairs
cobblestone_wall,generic,1296,False,True,bloodborne_blocks:block/cobblestone_wall_post
cobweb,generic,8,True,True,bloodborne_blocks:block/cobweb
copper_block,generic,8,True,True,bloodborne_blocks:block/copper_block
copper_ore,generic,4,False,True,bloodborne_blocks:block/copper_ore
cracked_deepslate_bricks,generic,8,True,True,bloodborne_blocks:block/cracked_deepslate_bricks
cracked_deepslate_tiles,generic,4,False,True,bloodborne_blocks:block/cracked_deepslate_tiles
cracked_nether_bricks,generic,8,True,True,bloodborne_blocks:block/cracked_nether_bricks
cracked_polished_blackstone_bricks,generic,8,True,True,bloodborne_blocks:block/cracked_polished_blackstone_bricks
crimson_button,generic,48,True,True,bloodborne_blocks:block/addon/crimson_button_0
crimson_door,generic,128,True,False,bloodborne_blocks:block/addon/oak_door_2
crimson_fence,generic,128,False,True,bloodborne_blocks:block/crimson_fence_post
crimson_fence_gate,generic,64,True,True,bloodborne_blocks:block/addon/crimson_fence_gate_open
crimson_hyphae,pillar,6,True,True,bloodborne_blocks:block/addon/floor_dec_7
crimson_planks,generic,8,True,True,bloodborne_blocks:block/crimson_planks
crimson_slab,slab,6,False,True,bloodborne_blocks:block/crimson_slab
crimson_stairs,generic,160,True,True,bloodborne_blocks:block/crimson_bottom
crimson_stem,pillar,6,True,True,bloodborne_blocks:block/addon/floor_panels_10
crimson_trapdoor,generic,128,True,True,bloodborne_blocks:block/crimson_trapdoor_bottom
cut_copper,generic,8,True,True,bloodborne_blocks:block/cut_copper
cut_copper_slab,slab,6,False,True,bloodborne_blocks:block/cut_copper_slab
cut_copper_stairs,generic,160,True,True,bloodborne_blocks:block/addon/gate2_0
cut_red_sandstone,generic,4,False,True,bloodborne_blocks:block/bricks/wallbrick_0
cut_red_sandstone_slab,generic,48,True,True,bloodborne_blocks:block/addon/slabs_0
cut_sandstone,generic,4,False,True,bloodborne_blocks:block/cut_sandstone
cut_sandstone_slab,generic,48,True,True,bloodborne_blocks:block/slabs/cut_sandstone_slab
cyan_concrete,generic,8,True,True,bloodborne_blocks:block/cyan_concrete
cyan_glazed_terracotta,generic,8,True,True,bloodborne_blocks:block/addon/wall_deco_5
cyan_stained_glass,generic,4,False,True,bloodborne_blocks:block/cyan_stained_glass
cyan_stained_glass_pane,generic,128,False,True,bloodborne_blocks:block/cyan_stained_glass_pane_post | bloodborne_blocks:block/cyan_stained_glass_pane_noside | bloodborne_blocks:block/cyan_stained_glass_pane_noside_alt | bloodborne_blocks:block/cyan_stained_glass_pane_noside_alt | bloodborne_blocks:block/cyan_stained_glass_pane_noside
cyan_terracotta,generic,4,False,True,bloodborne_blocks:block/prismarine
cyan_wool,generic,8,True,True,bloodborne_blocks:block/cyan_wool
dandelion,plant,2,True,True,bloodborne_blocks:block/dandelion
dark_oak_button,generic,48,True,True,bloodborne_blocks:block/acacia_button
dark_oak_fence,generic,128,False,False,
dark_oak_fence_gate,generic,64,True,True,bloodborne_blocks:block/addon/dark_oak_fence_gate_open
dark_oak_log,pillar,6,True,True,bloodborne_blocks:block/dark_oak_log
dark_oak_planks,generic,8,True,True,bloodborne_blocks:block/dark_oak_planks
dark_oak_slab,slab,6,False,True,bloodborne_blocks:block/dark_oak_slab
dark_oak_stairs,model_door,320,True,True,bloodborne_blocks:block/dark_door_1
dark_oak_trapdoor,generic,128,True,True,bloodborne_blocks:block/dark_oak_trapdoor_bottom
dark_prismarine,generic,8,True,True,bloodborne_blocks:block/dark_prismarine
dark_prismarine_slab,slab,6,False,True,bloodborne_blocks:block/dark_prismarine_slab
dark_prismarine_stairs,generic,160,True,True,bloodborne_blocks:block/stairs/dark_prismarine_stairs_bottom
dead_brain_coral,generic,16,True,True,bloodborne_blocks:block/addon/candles_0
dead_brain_coral_block,generic,4,False,True,bloodborne_blocks:block/dead_brain_coral_block
dead_brain_coral_fan,generic,16,True,True,bloodborne_blocks:block/addon/chains_0
dead_brain_coral_wall_fan,generic,16,True,True,bloodborne_blocks:block/addon/statue_1
dead_bubble_coral,generic,16,True,True,bloodborne_blocks:block/addon/barrel_0
dead_bubble_coral_block,generic,8,True,True,bloodborne_blocks:block/dead_bubble_coral_block
dead_bubble_coral_fan,generic,16,True,True,bloodborne_blocks:block/addon/bag_0
dead_bubble_coral_wall_fan,generic,16,True,True,bloodborne_blocks:block/addon/wall_deco_7
dead_fire_coral_block,generic,8,True,True,bloodborne_blocks:block/dead_fire_coral_block
dead_fire_coral_fan,generic,16,True,True,bloodborne_blocks:block/addon/grass_0
dead_fire_coral_wall_fan,generic,16,True,True,bloodborne_blocks:block/addon/wall_deco_8
dead_horn_coral,generic,16,True,True,bloodborne_blocks:block/dead_horn_coral
dead_horn_coral_block,generic,8,True,True,bloodborne_blocks:block/dead_horn_coral_block
dead_horn_coral_fan,generic,16,True,True,bloodborne_blocks:block/addon/books_0
dead_horn_coral_wall_fan,generic,16,True,True,bloodborne_blocks:block/dead_horn_coral_wall_fan
dead_tube_coral,generic,16,True,True,bloodborne_blocks:block/addon/dead_tube_coral_0
dead_tube_coral_block,generic,8,True,True,bloodborne_blocks:block/dead_tube_coral_block
dead_tube_coral_fan,generic,16,True,True,bloodborne_blocks:block/addon/floor_panels_0
dead_tube_coral_wall_fan,generic,16,True,True,bloodborne_blocks:block/addon/wall_deco_1
deepslate,pillar,3,False,True,bloodborne_blocks:block/deepslate
deepslate_brick_slab,slab,6,False,True,bloodborne_blocks:block/deepslate_brick_slab
deepslate_brick_stairs,stairs,80,False,True,bloodborne_blocks:block/deepslate_brick_stairs
deepslate_brick_wall,generic,1296,False,True,bloodborne_blocks:block/deepslate_brick_wall_post
deepslate_bricks,generic,4,False,True,bloodborne_blocks:block/deepslate_bricks
deepslate_coal_ore,generic,8,True,True,bloodborne_blocks:block/deepslate_coal_ore
deepslate_copper_ore,generic,4,False,True,bloodborne_blocks:block/deepslate_copper_ore
deepslate_diamond_ore,generic,8,True,True,bloodborne_blocks:block/deepslate_diamond_ore
deepslate_emerald_ore,generic,8,True,True,bloodborne_blocks:block/bricks/bricks_r_0
deepslate_gold_ore,generic,4,False,True,bloodborne_blocks:block/bricks
deepslate_iron_ore,generic,8,True,True,bloodborne_blocks:block/deepslate_iron_ore
deepslate_lapis_ore,generic,4,False,True,bloodborne_blocks:block/deepslate_lapis_ore
deepslate_tile_slab,slab,6,False,True,bloodborne_blocks:block/deepslate_tile_slab
deepslate_tile_stairs,stairs,80,False,True,bloodborne_blocks:block/stairs/deep_tile_stairs_bottom
deepslate_tile_wall,generic,1296,False,True,bloodborne_blocks:block/deepslate_tile_wall_post
deepslate_tiles,generic,8,True,True,bloodborne_blocks:block/deepslate_tiles
diamond_block,generic,8,True,True,bloodborne_blocks:block/diamond_block
diamond_ore,generic,8,True,True,bloodborne_blocks:block/diamond_ore
diorite,generic,8,True,True,bloodborne_blocks:block/diorite
diorite_slab,slab,6,False,True,bloodborne_blocks:block/diorite_slab
diorite_stairs,generic,160,True,True,bloodborne_blocks:block/_wall_dec_bottom
diorite_wall,generic,1296,False,True,bloodborne_blocks:block/diorite_wall_post
dried_kelp_block,generic,8,True,True,bloodborne_blocks:block/dried_kelp_block
dripstone_block,generic,4,False,True,bloodborne_blocks:block/dripstone_block
emerald_block,generic,8,True,True,bloodborne_blocks:block/emerald_block
emerald_ore,generic,8,True,True,bloodborne_blocks:block/hold/statue_2
end_stone_brick_slab,slab,6,False,True,bloodborne_blocks:block/end_stone_brick_slab
end_stone_brick_stairs,stairs,80,False,True,bloodborne_blocks:block/end_stone_brick_stairs
end_stone_brick_wall,generic,1296,False,True,bloodborne_blocks:block/end_stone_brick_wall_post
end_stone_bricks,generic,4,False,True,bloodborne_blocks:block/end_stone_bricks
exposed_copper,generic,8,True,True,bloodborne_blocks:block/exposed_copper
exposed_cut_copper,generic,8,True,True,bloodborne_blocks:block/exposed_cut_copper
exposed_cut_copper_slab,slab,6,False,True,bloodborne_blocks:block/exposed_cut_copper_slab
exposed_cut_copper_stairs,generic,160,True,True,bloodborne_blocks:block/stairs/exposed_cut_copper_stairs_bottom
flower_pot,generic,8,True,True,bloodborne_blocks:block/lantern
gilded_blackstone,generic,8,True,True,bloodborne_blocks:block/gilded_blackstone
glass,generic,4,False,True,bloodborne_blocks:block/glass
glass_pane,generic,128,False,False,bloodborne_blocks:block/glass_pane_post | bloodborne_blocks:block/glass_pane_noside | bloodborne_blocks:block/glass_pane_noside_alt | bloodborne_blocks:block/glass_pane_noside_alt | bloodborne_blocks:block/glass_pane_noside
gold_block,generic,8,True,True,bloodborne_blocks:block/gold_block
gold_ore,generic,8,True,True,bloodborne_blocks:block/gold_ore
granite,generic,4,False,True,bloodborne_blocks:block/granite
granite_slab,slab,6,False,True,bloodborne_blocks:block/granite_slab
granite_stairs,stairs,80,False,True,bloodborne_blocks:block/granite_stairs
granite_wall,generic,1296,False,True,bloodborne_blocks:block/granite_wall_post
gray_glazed_terracotta,generic,8,True,True,bloodborne_blocks:block/addon/gray_glazed_terracotta_0
gray_stained_glass,generic,4,False,True,bloodborne_blocks:block/gray_stained_glass
gray_stained_glass_pane,generic,128,False,True,bloodborne_blocks:block/gray_stained_glass_pane_post | bloodborne_blocks:block/gray_stained_glass_pane_noside | bloodborne_blocks:block/gray_stained_glass_pane_noside_alt | bloodborne_blocks:block/gray_stained_glass_pane_noside_alt | bloodborne_blocks:block/gray_stained_glass_pane_noside
gray_terracotta,generic,8,True,True,bloodborne_blocks:block/gray_terracotta
green_concrete,generic,8,True,True,bloodborne_blocks:block/green_concrete
green_glazed_terracotta,generic,8,True,True,bloodborne_blocks:block/addon/green_glazed_0
green_stained_glass,generic,4,False,True,bloodborne_blocks:block/green_stained_glass
green_stained_glass_pane,generic,128,False,True,bloodborne_blocks:block/green_stained_glass_pane_post | bloodborne_blocks:block/green_stained_glass_pane_noside | bloodborne_blocks:block/green_stained_glass_pane_noside_alt | bloodborne_blocks:block/green_stained_glass_pane_noside_alt | bloodborne_blocks:block/green_stained_glass_pane_noside
green_terracotta,generic,8,True,True,bloodborne_blocks:block/green_terracotta
hay_block,pillar,3,False,True,bloodborne_blocks:block/hay_block
infested_cobblestone,generic,4,False,True,bloodborne_blocks:block/cobblestone
infested_deepslate,generic,3,False,True,bloodborne_blocks:block/deepslate
infested_stone,generic,4,False,True,bloodborne_blocks:block/stone
infested_stone_bricks,generic,4,False,True,bloodborne_blocks:block/stone_bricks
iron_bars,generic,128,False,True,bloodborne_blocks:block/iron_bars_post_ends | bloodborne_blocks:block/iron_bars_post
iron_block,generic,8,True,True,bloodborne_blocks:block/iron_block
iron_ore,generic,8,True,True,bloodborne_blocks:block/iron_ore
iron_trapdoor,trapdoor,64,False,True,bloodborne_blocks:block/iron_trapdoor_bottom
jungle_button,generic,48,True,True,bloodborne_blocks:block/addon/crimson_button_0
jungle_fence,generic,128,False,True,bloodborne_blocks:block/jungle_fence_post
jungle_fence_gate,generic,64,True,True,bloodborne_blocks:block/addon/jungle_fence_gate_open_0
jungle_log,pillar,6,True,True,bloodborne_blocks:block/jungle_log
jungle_planks,generic,8,True,True,bloodborne_blocks:block/jungle_planks
jungle_slab,slab,6,False,True,bloodborne_blocks:block/jungle_slab
jungle_stairs,generic,160,True,True,bloodborne_blocks:block/wood_window
jungle_trapdoor,generic,128,True,True,bloodborne_blocks:block/jungle_trapdoor_bottom
jungle_wood,pillar,6,True,True,bloodborne_blocks:block/jungle_wood
ladder,generic,16,True,False,bloodborne_blocks:block/ladder
lantern,generic,32,True,True,bloodborne_blocks:block/lantern
lapis_block,generic,8,True,True,bloodborne_blocks:block/lapis_block
lapis_ore,generic,8,True,True,bloodborne_blocks:block/bricks/bricks_rl_0
lectern,generic,32,True,True,bloodborne_blocks:block/lectern
lever,generic,48,True,True,bloodborne_blocks:block/lever_on
light_blue_concrete,generic,8,True,True,bloodborne_blocks:block/light_blue_concrete
light_blue_glazed_terracotta,generic,8,True,True,bloodborne_blocks:block/addon/stripped_oka_log_1
light_blue_stained_glass,generic,8,True,True,bloodborne_blocks:block/light_blue_stained_glass
light_blue_stained_glass_pane,generic,128,False,True,bloodborne_blocks:block/light_blue_stained_glass_pane_post | bloodborne_blocks:block/light_blue_stained_glass_pane_noside | bloodborne_blocks:block/light_blue_stained_glass_pane_noside_alt | bloodborne_blocks:block/light_blue_stained_glass_pane_noside_alt | bloodborne_blocks:block/light_blue_stained_glass_pane_noside
light_blue_terracotta,generic,8,True,True,bloodborne_blocks:block/light_blue_terracotta
light_blue_wool,generic,8,True,True,bloodborne_blocks:block/light_blue_wool
light_gray_concrete,generic,8,True,True,bloodborne_blocks:block/light_gray_concrete
light_gray_glazed_terracotta,generic,8,True,True,bloodborne_blocks:block/addon/light_gray_glazed_terracotta_0
light_gray_stained_glass,generic,4,False,True,bloodborne_blocks:block/light_gray_stained_glass
light_gray_stained_glass_pane,generic,128,False,True,bloodborne_blocks:block/light_gray_stained_glass_pane_post | bloodborne_blocks:block/light_gray_stained_glass_pane_noside | bloodborne_blocks:block/light_gray_stained_glass_pane_noside_alt | bloodborne_blocks:block/light_gray_stained_glass_pane_noside_alt | bloodborne_blocks:block/light_gray_stained_glass_pane_noside
light_gray_terracotta,generic,8,True,True,bloodborne_blocks:block/light_gray_terracotta
light_weighted_pressure_plate,generic,128,True,True,bloodborne_blocks:block/light_weighted_pressure_plate
lightning_rod,generic,48,True,True,bloodborne_blocks:block/lightning_rod
lime_concrete,generic,8,True,True,bloodborne_blocks:block/lime_concrete
lime_glazed_terracotta,generic,8,True,True,bloodborne_blocks:block/addon/wall_deco_2
lime_stained_glass,generic,8,True,True,bloodborne_blocks:block/lime_stained_glass
lime_stained_glass_pane,generic,128,False,True,bloodborne_blocks:block/lime_stained_glass_pane_post | bloodborne_blocks:block/lime_stained_glass_pane_noside | bloodborne_blocks:block/lime_stained_glass_pane_noside_alt | bloodborne_blocks:block/lime_stained_glass_pane_noside_alt | bloodborne_blocks:block/lime_stained_glass_pane_noside
lime_terracotta,generic,8,True,True,bloodborne_blocks:block/lime_terracotta
lime_wool,generic,8,True,True,bloodborne_blocks:block/lime_wool
magenta_concrete,generic,8,True,True,bloodborne_blocks:block/magenta_concrete
magenta_glazed_terracotta,generic,8,True,True,bloodborne_blocks:block/addon/stripped_oka_log_2
magenta_stained_glass,generic,8,True,True,bloodborne_blocks:block/magenta_stained_glass
magenta_stained_glass_pane,generic,128,False,True,bloodborne_blocks:block/magenta_stained_glass_pane_post | bloodborne_blocks:block/magenta_stained_glass_pane_noside | bloodborne_blocks:block/magenta_stained_glass_pane_noside_alt | bloodborne_blocks:block/magenta_stained_glass_pane_noside_alt | bloodborne_blocks:block/magenta_stained_glass_pane_noside
magenta_terracotta,generic,8,True,True,bloodborne_blocks:block/magenta_terracotta
magenta_wool,generic,8,True,True,bloodborne_blocks:block/magenta_wool
mangrove_trapdoor,trapdoor,64,False,True,bloodborne_blocks:block/mangrove_trapdoor_bottom
mossy_cobblestone,generic,4,False,True,bloodborne_blocks:block/mossy_cobblestone
mossy_cobblestone_slab,slab,6,False,True,bloodborne_blocks:block/mossy_cobblestone_slab
mossy_cobblestone_stairs,stairs,80,False,True,bloodborne_blocks:block/mossy_cobblestone_stairs
mossy_cobblestone_wall,generic,1296,False,True,bloodborne_blocks:block/mossy_cobblestone_wall_post
mossy_stone_brick_stairs,generic,160,True,True,bloodborne_blocks:block/slabs/roof_01
mossy_stone_brick_wall,generic,1296,False,False,
nether_brick_fence,generic,128,False,True,bloodborne_blocks:block/nether_brick_fence_post
nether_brick_slab,slab,6,False,True,bloodborne_blocks:block/nether_brick_slab
nether_brick_stairs,generic,160,True,True,bloodborne_blocks:block/hold/bench
nether_brick_wall,generic,1296,False,True,bloodborne_blocks:block/addon/nether_wall_1
nether_bricks,generic,4,False,True,bloodborne_blocks:block/nether_bricks
nether_gold_ore,generic,8,True,True,bloodborne_blocks:block/nether_gold_ore
nether_quartz_ore,generic,8,True,True,bloodborne_blocks:block/nether_quartz_ore
netherite_block,generic,8,True,True,bloodborne_blocks:block/netherite_block
oak_button,generic,48,True,True,bloodborne_blocks:block/acacia_button
oak_door,generic,128,True,False,bloodborne_blocks:block/addon/oak_door_2
oak_fence,generic,128,False,True,bloodborne_blocks:block/oak_fence_post
oak_fence_gate,generic,64,True,True,bloodborne_blocks:block/oak_fence_gate
oak_log,pillar,6,True,True,bloodborne_blocks:block/oak_log
oak_planks,generic,8,True,True,bloodborne_blocks:block/oak_planks
oak_slab,slab,6,False,True,bloodborne_blocks:block/oak_slab
oak_stairs,generic,160,True,True,bloodborne_blocks:block/oak_stairs_top
oak_trapdoor,generic,128,True,True,bloodborne_blocks:block/oak_trapdoor_bottom
oak_wood,pillar,6,True,True,bloodborne_blocks:block/oak_wood
obsidian,generic,4,False,True,bloodborne_blocks:block/obsidian
orange_concrete,generic,8,True,True,bloodborne_blocks:block/orange_concrete
orange_glazed_terracotta,generic,8,True,True,bloodborne_blocks:block/addon/stripped_oka_log_3
orange_stained_glass,generic,8,True,True,bloodborne_blocks:block/orange_stained_glass
orange_stained_glass_pane,generic,128,False,True,bloodborne_blocks:block/orange_stained_glass_pane_post | bloodborne_blocks:block/orange_stained_glass_pane_noside | bloodborne_blocks:block/orange_stained_glass_pane_noside_alt | bloodborne_blocks:block/orange_stained_glass_pane_noside_alt | bloodborne_blocks:block/orange_stained_glass_pane_noside
orange_terracotta,generic,8,True,True,bloodborne_blocks:block/orange_terracotta
orange_wool,generic,8,True,True,bloodborne_blocks:block/orange_wool
oxidized_copper,generic,8,True,True,bloodborne_blocks:block/addon/wall_pilaster_0
oxidized_cut_copper_stairs,generic,160,True,True,bloodborne_blocks:block/addon/cases_0
petrified_oak_slab,slab,6,False,True,bloodborne_blocks:block/petrified_oak_slab
pink_concrete,generic,8,True,True,bloodborne_blocks:block/pink_concrete
pink_glazed_terracotta,generic,4,False,True,bloodborne_blocks:block/pink_glazed_terracotta
pink_stained_glass,generic,8,True,True,bloodborne_blocks:block/pink_stained_glass
pink_stained_glass_pane,generic,128,False,True,bloodborne_blocks:block/pink_stained_glass_pane_post | bloodborne_blocks:block/pink_stained_glass_pane_noside | bloodborne_blocks:block/pink_stained_glass_pane_noside_alt | bloodborne_blocks:block/pink_stained_glass_pane_noside_alt | bloodborne_blocks:block/pink_stained_glass_pane_noside
pink_terracotta,generic,8,True,True,bloodborne_blocks:block/pink_terracotta
pink_wool,generic,8,True,True,bloodborne_blocks:block/pink_wool
polished_andesite,generic,4,False,True,bloodborne_blocks:block/polished_andesite
polished_andesite_slab,slab,6,False,True,bloodborne_blocks:block/polished_andesite_slab
polished_andesite_stairs,stairs,80,False,True,bloodborne_blocks:block/polished_andesite_stairs
polished_blackstone,generic,8,True,True,bloodborne_blocks:block/polished_blackstone
polished_blackstone_brick_slab,slab,24,False,True,bloodborne_blocks:block/addon/slabs_3
polished_blackstone_brick_stairs,generic,160,True,True,bloodborne_blocks:block/polished_blackstone_brick_stairs_1
polished_blackstone_brick_wall,generic,1296,False,True,bloodborne_blocks:block/blackstone_wall_1
polished_blackstone_bricks,generic,8,True,True,bloodborne_blocks:block/polished_blackstone_bricks
polished_blackstone_button,generic,48,True,True,bloodborne_blocks:block/acacia_button
polished_blackstone_slab,generic,48,True,True,bloodborne_blocks:block/addon/slabs_2
polished_blackstone_stairs,generic,80,False,True,bloodborne_blocks:block/polished_blackstone_stairs
polished_blackstone_wall,generic,1296,False,True,bloodborne_blocks:block/bricks/post_black_1
polished_deepslate,generic,8,True,True,bloodborne_blocks:block/polished_deepslate
polished_deepslate_slab,slab,6,False,True,bloodborne_blocks:block/polished_deepslate_slab
polished_deepslate_stairs,stairs,80,False,True,bloodborne_blocks:block/stairs/polished_deepslate_stairs_bottom
polished_diorite,generic,4,False,True,bloodborne_blocks:block/polished_diorite
polished_diorite_slab,generic,24,False,False,bloodborne_blocks:block/dummy/e_slab
polished_diorite_stairs,stairs,80,False,True,bloodborne_blocks:block/stairs/polished_diorite_stairs_bottom
polished_granite,generic,8,True,True,bloodborne_blocks:block/polished_granite
polished_granite_slab,slab,24,False,True,bloodborne_blocks:block/polished_granite_slab
polished_granite_stairs,generic,160,True,True,bloodborne_blocks:block/polished_granite_stairs
potted_acacia_sapling,generic,8,True,True,bloodborne_blocks:block/potted_acacia_sapling
potted_allium,generic,8,True,True,bloodborne_blocks:block/potted_allium
potted_azalea_bush,generic,8,True,True,bloodborne_blocks:block/potted_azalea_bush
potted_azure_bluet,generic,8,True,True,bloodborne_blocks:block/potted_azure_bluet
potted_bamboo,generic,8,True,True,bloodborne_blocks:block/potted_bamboo
potted_birch_sapling,generic,8,True,True,bloodborne_blocks:block/potted_birch_sapling
potted_blue_orchid,generic,8,True,True,bloodborne_blocks:block/potted_blue_orchid
potted_brown_mushroom,generic,8,True,True,bloodborne_blocks:block/potted_brown_mushroom
potted_cactus,generic,8,True,True,bloodborne_blocks:block/potted_cactus
potted_cherry_sapling,generic,8,True,True,bloodborne_blocks:block/potted_cherry_sapling
potted_cornflower,generic,8,True,True,bloodborne_blocks:block/potted_cornflower
potted_crimson_fungus,generic,8,True,True,bloodborne_blocks:block/potted_crimson_fungus
potted_crimson_roots,generic,8,True,True,bloodborne_blocks:block/potted_crimson_roots
potted_dandelion,generic,8,True,True,bloodborne_blocks:block/potted_dandelion
potted_dark_oak_sapling,generic,8,True,True,bloodborne_blocks:block/potted_dark_oak_sapling
potted_dead_bush,generic,8,True,True,bloodborne_blocks:block/potted_dead_bush
potted_fern,generic,8,True,True,bloodborne_blocks:block/potted_fern
potted_flowering_azalea_bush,generic,8,True,True,bloodborne_blocks:block/potted_flowering_azalea_bush
potted_jungle_sapling,generic,8,True,True,bloodborne_blocks:block/potted_jungle_sapling
potted_lily_of_the_valley,generic,8,True,True,bloodborne_blocks:block/potted_lily_of_the_valley
potted_mangrove_propagule,generic,8,True,True,bloodborne_blocks:block/potted_mangrove_propagule
potted_oak_sapling,generic,8,True,True,bloodborne_blocks:block/potted_oak_sapling
potted_orange_tulip,generic,8,True,True,bloodborne_blocks:block/potted_orange_tulip
potted_oxeye_daisy,generic,8,True,True,bloodborne_blocks:block/potted_oxeye_daisy
potted_pink_tulip,generic,8,True,True,bloodborne_blocks:block/potted_pink_tulip
potted_poppy,generic,8,True,True,bloodborne_blocks:block/potted_poppy
potted_red_mushroom,generic,8,True,True,bloodborne_blocks:block/potted_red_mushroom
potted_red_tulip,generic,8,True,True,bloodborne_blocks:block/potted_red_tulip
potted_spruce_sapling,generic,8,True,True,bloodborne_blocks:block/potted_spruce_sapling
potted_torchflower,generic,8,True,True,bloodborne_blocks:block/potted_torchflower
potted_warped_fungus,generic,8,True,True,bloodborne_blocks:block/potted_warped_fungus
potted_warped_roots,generic,8,True,True,bloodborne_blocks:block/potted_warped_roots
potted_white_tulip,generic,8,True,True,bloodborne_blocks:block/potted_white_tulip
potted_wither_rose,generic,8,True,True,bloodborne_blocks:block/potted_wither_rose
prismarine,generic,4,False,True,bloodborne_blocks:block/prismarine
prismarine_brick_slab,slab,6,False,True,bloodborne_blocks:block/prismarine_brick_slab
prismarine_brick_stairs,generic,160,True,True,bloodborne_blocks:block/stairs/prismarine_brick_stairs_bottom
prismarine_bricks,generic,8,True,True,bloodborne_blocks:block/prismarine_bricks
prismarine_slab,slab,6,False,True,bloodborne_blocks:block/prismarine_slab
prismarine_stairs,stairs,80,False,True,bloodborne_blocks:block/prismarine_stairs
prismarine_wall,generic,1296,False,True,bloodborne_blocks:block/prismarine_wall_post
purple_concrete,generic,8,True,True,bloodborne_blocks:block/purple_concrete
purple_glazed_terracotta,generic,8,True,True,bloodborne_blocks:block/addon/wall_deco_6
purple_stained_glass,generic,4,False,True,bloodborne_blocks:block/purple_stained_glass
purple_stained_glass_pane,generic,128,False,True,bloodborne_blocks:block/purple_stained_glass_pane_post | bloodborne_blocks:block/purple_stained_glass_pane_noside | bloodborne_blocks:block/purple_stained_glass_pane_noside_alt | bloodborne_blocks:block/purple_stained_glass_pane_noside_alt | bloodborne_blocks:block/purple_stained_glass_pane_noside
purple_terracotta,generic,8,True,True,bloodborne_blocks:block/purple_terracotta
purpur_block,generic,4,False,True,bloodborne_blocks:block/purpur_block
purpur_pillar,pillar,3,False,True,bloodborne_blocks:block/purpur_pillar
purpur_slab,slab,6,False,True,bloodborne_blocks:block/purpur_slab
purpur_stairs,generic,80,False,True,bloodborne_blocks:block/polished_blackstone_brick_stairs
quartz_block,generic,8,True,True,bloodborne_blocks:block/quartz_block
quartz_bricks,generic,8,True,True,bloodborne_blocks:block/addon/wall_pilaster_3
quartz_pillar,pillar,6,True,True,bloodborne_blocks:block/quartz_pillar
quartz_slab,slab,6,False,True,bloodborne_blocks:block/quartz_slab
quartz_stairs,generic,160,True,True,bloodborne_blocks:block/quartz_stairs_bottom
rail,generic,160,True,True,bloodborne_blocks:block/rail
raw_copper_block,generic,8,True,True,bloodborne_blocks:block/raw_copper_block
raw_gold_block,generic,8,True,True,bloodborne_blocks:block/raw_gold_block
raw_iron_block,generic,8,True,True,bloodborne_blocks:block/raw_iron_block
red_concrete,generic,8,True,True,bloodborne_blocks:block/red_concrete
red_glazed_terracotta,generic,8,True,True,bloodborne_blocks:block/addon/roof_spike_side
red_nether_brick_slab,slab,6,False,True,bloodborne_blocks:block/red_nether_brick_slab
red_nether_brick_stairs,generic,160,True,True,bloodborne_blocks:block/red_brick_bottom
red_nether_brick_wall,generic,1296,False,False,
red_nether_bricks,generic,8,True,True,bloodborne_blocks:block/red_nether_bricks
red_sandstone,generic,8,True,True,bloodborne_blocks:block/red_sandstone
red_sandstone_slab,slab,24,False,True,bloodborne_blocks:block/addon/slabs_1
red_sandstone_stairs,generic,160,True,True,bloodborne_blocks:block/hold/window_01
red_sandstone_wall,generic,1296,False,False,
red_stained_glass,generic,4,False,True,bloodborne_blocks:block/red_stained_glass
red_stained_glass_pane,generic,128,False,True,bloodborne_blocks:block/red_stained_glass_pane_post | bloodborne_blocks:block/red_stained_glass_pane_noside | bloodborne_blocks:block/red_stained_glass_pane_noside_alt | bloodborne_blocks:block/red_stained_glass_pane_noside_alt | bloodborne_blocks:block/red_stained_glass_pane_noside
red_terracotta,generic,8,True,True,bloodborne_blocks:block/red_terracotta
sand,generic,8,True,True,bloodborne_blocks:block/sand
sandstone,generic,8,True,True,bloodborne_blocks:block/sandstone
sandstone_slab,generic,48,True,True,bloodborne_blocks:block/sandstone_slab
sandstone_stairs,generic,160,True,True,bloodborne_blocks:block/stairs/sandstone_stairs_bottom
sandstone_wall,generic,1296,False,False,
smooth_basalt,generic,4,False,True,bloodborne_blocks:block/smooth_basalt
smooth_quartz,generic,4,False,True,bloodborne_blocks:block/smooth_quartz
smooth_quartz_slab,slab,6,False,True,bloodborne_blocks:block/smooth_quartz_slab
smooth_quartz_stairs,generic,160,True,True,bloodborne_blocks:block/smooth_quartz_top
smooth_red_sandstone,generic,8,True,True,bloodborne_blocks:block/smooth_red_sandstone
smooth_red_sandstone_slab,slab,6,False,True,bloodborne_blocks:block/smooth_red_sandstone_slab
smooth_red_sandstone_stairs,generic,160,True,True,bloodborne_blocks:block/smooth_red_bottom
smooth_sandstone,generic,8,True,True,bloodborne_blocks:block/smooth_sandstone
smooth_sandstone_slab,slab,6,False,True,bloodborne_blocks:block/smooth_sandstone_slab
smooth_sandstone_stairs,generic,160,True,True,bloodborne_blocks:block/smooth_sandstone_stairs_bottom
smooth_stone,generic,8,True,True,bloodborne_blocks:block/smooth_stone
snow,generic,32,False,True,bloodborne_blocks:block/snow_height2
soul_lantern,generic,32,True,True,bloodborne_blocks:block/soul_lantern
spruce_button,generic,48,True,True,bloodborne_blocks:block/acacia_button
spruce_fence,generic,128,False,True,bloodborne_blocks:block/spruce_fence
spruce_fence_gate,generic,64,True,True,bloodborne_blocks:block/spruce_fence_gate
spruce_log,pillar,6,True,True,bloodborne_blocks:block/spruce_log
spruce_planks,generic,8,True,True,bloodborne_blocks:block/spruce_planks
spruce_sapling,plant,4,True,True,bloodborne_blocks:block/spruce_sapling
spruce_slab,slab,6,False,True,bloodborne_blocks:block/spruce_slab
spruce_stairs,generic,160,True,True,bloodborne_blocks:block/stairs/spruce_stairs_bottom
spruce_trapdoor,generic,128,True,True,bloodborne_blocks:block/spruce_trapdoor_bottom
spruce_wood,pillar,6,True,True,bloodborne_blocks:block/spruce_wood
stone,generic,4,False,True,bloodborne_blocks:block/stone
stone_brick_slab,slab,6,False,True,bloodborne_blocks:block/stone_brick_slab
stone_brick_stairs,stairs,80,False,True,bloodborne_blocks:block/stone_brick_stairs
stone_brick_wall,generic,1296,False,True,bloodborne_blocks:block/stone_brick_wall_post
stone_bricks,generic,4,False,True,bloodborne_blocks:block/stone_bricks
stone_button,generic,48,True,True,bloodborne_blocks:block/stone_button
stone_pressure_plate,generic,16,True,True,bloodborne_blocks:block/stone_pressure_plate
stone_slab,slab,6,False,True,bloodborne_blocks:block/stone_slab
stone_stairs,stairs,80,False,True,bloodborne_blocks:block/stone_stairs
stripped_acacia_log,pillar,3,False,True,bloodborne_blocks:block/stripped_acacia_log
stripped_acacia_wood,pillar,6,True,True,bloodborne_blocks:block/stripped_acacia_wood
stripped_birch_log,pillar,6,True,True,bloodborne_blocks:block/addon/stripped_oka_log_2
stripped_birch_wood,pillar,6,True,True,bloodborne_blocks:block/stripped_birch_wood
stripped_crimson_hyphae,pillar,6,True,True,bloodborne_blocks:block/addon/note_0
stripped_crimson_stem,pillar,6,True,True,bloodborne_blocks:block/addon/floor_dec_0
stripped_dark_oak_log,pillar,3,False,True,bloodborne_blocks:block/stripped_acacia_log
stripped_jungle_log,pillar,3,False,True,bloodborne_blocks:block/stripped_jungle_log
stripped_jungle_wood,pillar,6,True,True,bloodborne_blocks:block/stripped_jungle_wood
stripped_oak_log,pillar,6,True,True,bloodborne_blocks:block/addon/wall_deco_3
stripped_oak_wood,pillar,6,True,True,bloodborne_blocks:block/stripped_oak_wood
stripped_spruce_log,pillar,6,True,True,bloodborne_blocks:block/addon/wall_deco_4
stripped_spruce_wood,pillar,6,True,True,bloodborne_blocks:block/stripped_spruce_wood
stripped_warped_hyphae,pillar,6,True,True,bloodborne_blocks:block/addon/note_0
stripped_warped_stem,pillar,6,True,True,bloodborne_blocks:block/addon/floor_dec_4
terracotta,generic,8,True,True,bloodborne_blocks:block/terracotta
tinted_glass,generic,4,False,True,bloodborne_blocks:block/tinted_glass
tuff,generic,4,False,True,bloodborne_blocks:block/tuff
warped_button,generic,48,True,True,bloodborne_blocks:block/acacia_button
warped_fence,generic,128,False,True,bloodborne_blocks:block/warped_fence_post
warped_hyphae,pillar,3,False,True,bloodborne_blocks:block/warped_hyphae
warped_planks,generic,8,True,True,bloodborne_blocks:block/warped_planks_0
warped_stairs,generic,160,True,True,bloodborne_blocks:block/window_bottom_right
warped_stem,pillar,3,False,True,bloodborne_blocks:block/warped_stem
warped_trapdoor,generic,128,True,True,bloodborne_blocks:block/warped_trapdoor_bottom_0
waxed_copper_block,generic,8,True,True,bloodborne_blocks:block/copper_block
waxed_cut_copper,generic,8,True,True,bloodborne_blocks:block/cut_copper
waxed_cut_copper_slab,slab,6,False,True,bloodborne_blocks:block/cut_copper_slab
waxed_cut_copper_stairs,generic,160,True,True,bloodborne_blocks:block/hold/statue_3
waxed_exposed_copper,generic,8,True,True,bloodborne_blocks:block/exposed_copper
waxed_exposed_cut_copper,generic,8,True,True,bloodborne_blocks:block/exposed_cut_copper
waxed_exposed_cut_copper_slab,slab,6,False,True,bloodborne_blocks:block/exposed_cut_copper_slab
waxed_exposed_cut_copper_stairs,generic,160,True,True,bloodborne_blocks:block/hold/ladder_02
waxed_oxidized_copper,generic,8,True,True,bloodborne_blocks:block/oxidized_copper
waxed_oxidized_cut_copper,generic,8,True,True,bloodborne_blocks:block/addon/waxed_oxidized_cut_copper
waxed_oxidized_cut_copper_stairs,generic,160,True,True,bloodborne_blocks:block/addon/pilaster_0
waxed_weathered_copper,generic,8,True,True,bloodborne_blocks:block/weathered_copper
waxed_weathered_cut_copper,generic,8,True,True,bloodborne_blocks:block/addon/waxed_weathered_cut_copper
waxed_weathered_cut_copper_slab,slab,6,False,True,bloodborne_blocks:block/weathered_cut_copper_slab
waxed_weathered_cut_copper_stairs,generic,160,True,True,bloodborne_blocks:block/stairs/tombstone_4
weathered_copper,generic,8,True,True,bloodborne_blocks:block/weathered_copper
weathered_cut_copper,generic,8,True,True,bloodborne_blocks:block/weathered_cut_copper
weathered_cut_copper_slab,slab,6,False,True,bloodborne_blocks:block/weathered_cut_copper_slab
weathered_cut_copper_stairs,generic,160,True,True,bloodborne_blocks:block/hold/statue
white_glazed_terracotta,generic,8,True,True,bloodborne_blocks:block/addon/stripped_oka_log_0
white_stained_glass,generic,4,False,True,bloodborne_blocks:block/white_stained_glass
white_stained_glass_pane,generic,128,False,True,bloodborne_blocks:block/white_stained_glass_pane_post | bloodborne_blocks:block/white_stained_glass_pane_noside | bloodborne_blocks:block/white_stained_glass_pane_noside_alt | bloodborne_blocks:block/white_stained_glass_pane_noside_alt | bloodborne_blocks:block/white_stained_glass_pane_noside
white_terracotta,generic,8,True,True,bloodborne_blocks:block/white_terracotta
white_wool,generic,8,True,True,bloodborne_blocks:block/white_wool
yellow_concrete,generic,8,True,True,bloodborne_blocks:block/yellow_concrete
yellow_glazed_terracotta,generic,8,True,True,bloodborne_blocks:block/yellow_glazed_terracotta
yellow_stained_glass,generic,4,False,True,bloodborne_blocks:block/yellow_stained_glass
yellow_stained_glass_pane,generic,128,False,True,bloodborne_blocks:block/yellow_stained_glass_pane_post | bloodborne_blocks:block/yellow_stained_glass_pane_noside | bloodborne_blocks:block/yellow_stained_glass_pane_noside_alt | bloodborne_blocks:block/yellow_stained_glass_pane_noside_alt | bloodborne_blocks:block/yellow_stained_glass_pane_noside
yellow_terracotta,generic,8,True,True,bloodborne_blocks:block/yellow_terracotta
yellow_wool,generic,8,True,True,bloodborne_blocks:block/yellow_wool
asset_1_spirelamp_001,generic,8,True,True,bloodborne_blocks:block/1_spirelamp_001
asset_1_wall_001,generic,8,True,True,bloodborne_blocks:block/1_wall_001
asset_addon_books_test,generic,8,True,True,bloodborne_blocks:block/addon/books_test
asset_addon_brich_trapdoor_top,generic,8,True,True,bloodborne_blocks:block/addon/brich_trapdoor_top
asset_addon_brick_side,generic,4,False,True,bloodborne_blocks:block/addon/brick_side
asset_addon_brown_terracotta,generic,8,True,True,bloodborne_blocks:block/addon/brown_terracotta
asset_addon_chain_1,generic,8,True,True,bloodborne_blocks:block/addon/chain_1
asset_addon_floor_dec_9,generic,8,True,True,bloodborne_blocks:block/addon/floor_dec_9
asset_addon_pilaster_2,generic,8,True,True,bloodborne_blocks:block/addon/pilaster_2
asset_addon_slabs_8,generic,8,True,True,bloodborne_blocks:block/addon/slabs_8
asset_addon_spruce_fence_gate_open_1,generic,8,True,True,bloodborne_blocks:block/addon/spruce_fence_gate_open_1
asset_addon_tombstone_gathered_8,generic,8,True,True,bloodborne_blocks:block/addon/tombstone_gathered_8
asset_addon_wooden_box,generic,8,True,True,bloodborne_blocks:block/addon/wooden_box
asset_birch_fence_gate,generic,8,True,True,bloodborne_blocks:block/birch_fence_gate
asset_blue_glazed_terracotta,generic,8,True,True,bloodborne_blocks:block/blue_glazed_terracotta
asset_crimson_hyphae,generic,8,True,True,bloodborne_blocks:block/crimson_hyphae
asset_dead_bubble_coral_fan,generic,8,True,True,bloodborne_blocks:block/dead_bubble_coral_fan
asset_deepslate_emerald_ore,generic,8,True,True,bloodborne_blocks:block/deepslate_emerald_ore
asset_dummy_hunter_0,generic,8,True,True,bloodborne_blocks:block/dummy/hunter_0
asset_e,generic,8,True,True,bloodborne_blocks:block/e
asset_hold_chimney,generic,8,True,True,bloodborne_blocks:block/hold/chimney
asset_hold_wooden_box_x1,generic,8,True,True,bloodborne_blocks:block/hold/wooden_box_x1
asset_lapis_ore,generic,8,True,True,bloodborne_blocks:block/lapis_ore
asset_light_blue_glazed_terracotta,generic,8,True,True,bloodborne_blocks:block/light_blue_glazed_terracotta
asset_light_gray_glazed_terracotta,generic,8,True,True,bloodborne_blocks:block/light_gray_glazed_terracotta
asset_lime_glazed_terracotta,generic,8,True,True,bloodborne_blocks:block/lime_glazed_terracotta
asset_magenta_glazed_terracotta,generic,8,True,True,bloodborne_blocks:block/magenta_glazed_terracotta
asset_oak_fence_side,generic,8,True,True,bloodborne_blocks:block/oak_fence_side
asset_orange_glazed_terracotta,generic,8,True,True,bloodborne_blocks:block/orange_glazed_terracotta
asset_polished_diorite_slab_top,generic,8,True,True,bloodborne_blocks:block/polished_diorite_slab_top
asset_red_nether_brick_wall_side_tall,generic,8,True,True,bloodborne_blocks:block/red_nether_brick_wall_side_tall
asset_red_nether_brick_wall_side_tall_1,generic,8,True,True,bloodborne_blocks:block/red_nether_brick_wall_side_tall_1
asset_red_sandstone_stairs,generic,4,False,True,bloodborne_blocks:block/red_sandstone_stairs
asset_sandstone_wall_side_tall,generic,8,True,True,bloodborne_blocks:block/sandstone_wall_side_tall
asset_sandstone_wall_side_tall_1,generic,8,True,True,bloodborne_blocks:block/sandstone_wall_side_tall_1
asset_stairs_smooth_sandstone,generic,8,True,True,bloodborne_blocks:block/stairs/smooth_sandstone
asset_stripped_crimson_stem,generic,8,True,True,bloodborne_blocks:block/stripped_crimson_stem
asset_stripped_warped_stem,generic,8,True,True,bloodborne_blocks:block/stripped_warped_stem
asset_warped_trapdoor_bottom,generic,8,True,True,bloodborne_blocks:block/warped_trapdoor_bottom
asset_waxed_oxidized_cut_copper,generic,8,True,True,bloodborne_blocks:block/waxed_oxidized_cut_copper
asset_white_glazed_terracotta,generic,8,True,True,bloodborne_blocks:block/white_glazed_terracotta
asset_window_bottom_left,generic,8,True,True,bloodborne_blocks:block/window_bottom_left
asset_window_top_left,generic,8,True,True,bloodborne_blocks:block/window_top_left
