visit_key,id,name,kind,registry,item,x,y,z,yaw,pitch,command
90001,90001,Входная дверь,architecture,bloodborne_dw:prototype_double_door,bloodborne_dw:prototype_double_door,3.5,64,-0.9375,0,-7.073,/function dw_gallery:visit/90001
90002,90002,Художественная ограда,architecture,bloodborne_dw:prototype_wall,bloodborne_dw:prototype_wall,11.5,64,-0.75,0,14.986,/function dw_gallery:visit/90002
90003,90003,Наклонный кровельный модуль,architecture,bloodborne_dw:prototype_roof,bloodborne_dw:prototype_roof,18.5,64,-1.0,0,17.745,/function dw_gallery:visit/90003
90004,90004,Тонкое остекление · window01,architecture,bloodborne_dw:prototype_thin_window,bloodborne_dw:prototype_thin_window,26.5,64,-0.1562,0,4.621,/function dw_gallery:visit/90004
90005,90005,Плоское составное дерево,architecture,bloodborne_dw:prototype_tree,bloodborne_dw:prototype_tree,34.5,64,-0.625,0,-23.826,/function dw_gallery:visit/90005
90006,90006,Вертикальная деревянная лестница,architecture,bloodborne_dw:prototype_ladder,bloodborne_dw:prototype_ladder,41.5,64,-0.1751,0,19.938,/function dw_gallery:visit/90006
90007,90007,Деревянные панели окна,architecture,bloodborne_dw:prototype_wood_window,bloodborne_dw:prototype_wood_window,50.5,64,-0.9289,0,16.647,/function dw_gallery:visit/90007
90010,90010,Тонкое остекление · window02,architecture,bloodborne_dw:prototype_glass_window_02,bloodborne_dw:prototype_glass_window_02,60.5,64,-0.1562,0,4.621,/function dw_gallery:visit/90010
90011,90011,Ограда · исходный материал 0,architecture,bloodborne_dw:prototype_wall_skin_0,bloodborne_dw:prototype_wall_skin_0,68.5,64,-0.75,0,14.986,/function dw_gallery:visit/90011
90012,90012,Ограда · исходный материал 1,architecture,bloodborne_dw:prototype_wall_skin_1,bloodborne_dw:prototype_wall_skin_1,75.5,64,-0.8536,0,14.543,/function dw_gallery:visit/90012
90020,90020,Тонкое остекление · window03,architecture,bloodborne_dw:prototype_glass_window_03,bloodborne_dw:prototype_glass_window_03,83.5,64,-0.9062,0,4.621,/function dw_gallery:visit/90020
91001,91001,Babycart,rp_object,bloodborne_rp:babycart,bloodborne_rp:babycart_placer,92.0,64,-0.6,0,9.772,/function dw_gallery:visit/91001
91003,91003,Boat,rp_object,bloodborne_rp:boat,bloodborne_rp:boat_placer,100.0,64,-1.0,0,12.271,/function dw_gallery:visit/91003
91005,91005,Cabriolet Closed,rp_object,bloodborne_rp:cabriolet_closed,bloodborne_rp:cabriolet_closed_placer,109.0,64,-0.25,0,1.617,/function dw_gallery:visit/91005
91006,91006,Cabriolet Open,rp_object,bloodborne_rp:cabriolet_open,bloodborne_rp:cabriolet_open_placer,119.0,64,-0.25,0,1.617,/function dw_gallery:visit/91006
91007,91007,Cage Obj 1,rp_object,bloodborne_rp:cage_obj_1,bloodborne_rp:cage_obj_1_placer,129.0,64,-0.4,0,-20.327,/function dw_gallery:visit/91007
91008,91008,Cage Obj 2,rp_object,bloodborne_rp:cage_obj_2,bloodborne_rp:cage_obj_2_placer,139.0,64,-0.4,0,-20.327,/function dw_gallery:visit/91008
91009,91009,Cage Obj 3,rp_object,bloodborne_rp:cage_obj_3,bloodborne_rp:cage_obj_3_placer,149.0,64,-0.4,0,-20.327,/function dw_gallery:visit/91009
91010,91010,Carriage,rp_object,bloodborne_rp:carriage,bloodborne_rp:carriage_placer,159.0,64,-0.25,0,-11.698,/function dw_gallery:visit/91010
91012,91012,Chair,rp_object,bloodborne_rp:chair,bloodborne_rp:chair_placer,168.0,64,-0.6,0,12.073,/function dw_gallery:visit/91012
91013,91013,Chandelier Large,rp_object,bloodborne_rp:chandelier_large,bloodborne_rp:chandelier_large_placer,177.5,64,-0.25,0,-64.323,/function dw_gallery:visit/91013
91014,91014,Chandelier Small,rp_object,bloodborne_rp:chandelier_small,bloodborne_rp:chandelier_small_placer,187.5,64,-0.723,0,-19.615,/function dw_gallery:visit/91014
91015,91015,Chest,rp_object,bloodborne_rp:chest,bloodborne_rp:chest_placer,196.0,64,-0.75,0,15.925,/function dw_gallery:visit/91015
91017,91017,Coffin 1,rp_object,bloodborne_rp:coffin_1,bloodborne_rp:coffin_1_placer,204.0,64,-0.6,0,6.654,/function dw_gallery:visit/91017
91018,91018,Coffin 2,rp_object,bloodborne_rp:coffin_2,bloodborne_rp:coffin_2_placer,212.0,64,-0.6,0,6.654,/function dw_gallery:visit/91018
91019,91019,Coffin 3,rp_object,bloodborne_rp:coffin_3,bloodborne_rp:coffin_3_placer,220.0,64,-0.6,0,6.654,/function dw_gallery:visit/91019
91020,91020,Coffin Stand,rp_object,bloodborne_rp:coffin_stand,bloodborne_rp:coffin_stand_placer,228.0,64,-0.75,0,-13.206,/function dw_gallery:visit/91020
91021,91021,Coffins 1,rp_object,bloodborne_rp:coffins_1,bloodborne_rp:coffins_1_placer,236.0,64,-0.6,0,6.654,/function dw_gallery:visit/91021
91022,91022,Coffins 2,rp_object,bloodborne_rp:coffins_2,bloodborne_rp:coffins_2_placer,244.0,64,-0.6,0,6.654,/function dw_gallery:visit/91022
91023,91023,Coffins 3,rp_object,bloodborne_rp:coffins_3,bloodborne_rp:coffins_3_placer,252.0,64,-0.6,0,6.654,/function dw_gallery:visit/91023
91024,91024,Coffins 4,rp_object,bloodborne_rp:coffins_4,bloodborne_rp:coffins_4_placer,260.0,64,-0.6,0,6.654,/function dw_gallery:visit/91024
91025,91025,Coffins 5,rp_object,bloodborne_rp:coffins_5,bloodborne_rp:coffins_5_placer,268.0,64,-0.6,0,6.654,/function dw_gallery:visit/91025
91026,91026,Cross Beast,rp_object,bloodborne_rp:cross_beast,bloodborne_rp:cross_beast_placer,276.0,64,-0.2,0,-36.64,/function dw_gallery:visit/91026
91027,91027,Curtain Half,rp_object,bloodborne_rp:curtain_half,bloodborne_rp:curtain_half_placer,284.0,64,-1.0,0,-21.851,/function dw_gallery:visit/91027
91028,91028,Curtains,rp_object,bloodborne_rp:curtains,bloodborne_rp:curtains_placer,292.0,64,-0.5,0,-14.967,/function dw_gallery:visit/91028
91029,91029,Curtainsmall,rp_object,bloodborne_rp:curtainsmall,bloodborne_rp:curtainsmall_placer,299.9278,64,-0.625,0,-2.673,/function dw_gallery:visit/91029
91030,91030,Dog Cage,rp_object,bloodborne_rp:dog_cage,bloodborne_rp:dog_cage_placer,307.5,64,-0.75,0,-35.82,/function dw_gallery:visit/91030
91031,91031,Dog Cage1,rp_object,bloodborne_rp:dog_cage1,bloodborne_rp:dog_cage1_placer,317.0,64,-0.25,0,-8.432,/function dw_gallery:visit/91031
91032,91032,Dog Cage2,rp_object,bloodborne_rp:dog_cage2,bloodborne_rp:dog_cage2_placer,327.0,64,-0.25,0,-8.432,/function dw_gallery:visit/91032
91033,91033,Dog Cage3,rp_object,bloodborne_rp:dog_cage3,bloodborne_rp:dog_cage3_placer,337.0,64,-0.25,0,-8.432,/function dw_gallery:visit/91033
91034,91034,Door 1,rp_object,bloodborne_rp:door_1,bloodborne_rp:door_1_placer,346.0,64,-1.0,0,-12.407,/function dw_gallery:visit/91034
91035,91035,Door 2,rp_object,bloodborne_rp:door_2,bloodborne_rp:door_2_placer,355.0,64,-0.25,0,-11.698,/function dw_gallery:visit/91035
91036,91036,Door Empty,rp_object,bloodborne_rp:door_empty,bloodborne_rp:door_empty_placer,364.0,64,-0.625,0,-14.095,/function dw_gallery:visit/91036
91037,91037,Elevator,rp_object,bloodborne_rp:elevator,bloodborne_rp:elevator_placer,374.0,64,-0.25,0,-75.886,/function dw_gallery:visit/91037
91039,91039,Furniture 1,rp_object,bloodborne_rp:furniture_1,bloodborne_rp:furniture_1_placer,385.0,64,-0.25,0,-8.432,/function dw_gallery:visit/91039
91040,91040,Furniture 10,rp_object,bloodborne_rp:furniture_10,bloodborne_rp:furniture_10_placer,395.0,64,-0.25,0,-8.432,/function dw_gallery:visit/91040
91041,91041,Furniture 11,rp_object,bloodborne_rp:furniture_11,bloodborne_rp:furniture_11_placer,405.0,64,-0.25,0,-8.432,/function dw_gallery:visit/91041
91042,91042,Furniture 12,rp_object,bloodborne_rp:furniture_12,bloodborne_rp:furniture_12_placer,415.0,64,-0.25,0,-8.432,/function dw_gallery:visit/91042
91043,91043,Furniture 13,rp_object,bloodborne_rp:furniture_13,bloodborne_rp:furniture_13_placer,425.0,64,-0.25,0,-8.432,/function dw_gallery:visit/91043
91044,91044,Furniture 14,rp_object,bloodborne_rp:furniture_14,bloodborne_rp:furniture_14_placer,435.0,64,-0.25,0,-8.432,/function dw_gallery:visit/91044
91045,91045,Furniture 15,rp_object,bloodborne_rp:furniture_15,bloodborne_rp:furniture_15_placer,445.0,64,-0.25,0,-8.432,/function dw_gallery:visit/91045
91046,91046,Furniture 16,rp_object,bloodborne_rp:furniture_16,bloodborne_rp:furniture_16_placer,455.0,64,-0.25,0,-8.432,/function dw_gallery:visit/91046
91047,91047,Furniture 2,rp_object,bloodborne_rp:furniture_2,bloodborne_rp:furniture_2_placer,465.0,64,-0.25,0,-8.432,/function dw_gallery:visit/91047
91055,91055,Furniture Books,rp_object,bloodborne_rp:furniture_books,bloodborne_rp:furniture_books_placer,474.0,64,-0.75,0,-7.294,/function dw_gallery:visit/91055
91056,91056,Furniture Cabinet Pantry,rp_object,bloodborne_rp:furniture_cabinet_pantry,bloodborne_rp:furniture_cabinet_pantry_placer,483.0,64,-0.5,0,-11.065,/function dw_gallery:visit/91056
91057,91057,Furniture Pantry,rp_object,bloodborne_rp:furniture_pantry,bloodborne_rp:furniture_pantry_placer,492.0,64,-1.0,0,-15.775,/function dw_gallery:visit/91057
91058,91058,Gate Empty,rp_object,bloodborne_rp:gate_empty,bloodborne_rp:gate_empty_placer,501.0,64,-0.3125,0,-27.806,/function dw_gallery:visit/91058
91060,91060,Hearse,rp_object,bloodborne_rp:hearse,bloodborne_rp:hearse_placer,511.0,64,-0.25,0,-22.725,/function dw_gallery:visit/91060
91061,91061,Hook,rp_object,bloodborne_rp:hook,bloodborne_rp:hook_placer,520.0,64,-0.75,0,-23.493,/function dw_gallery:visit/91061
91062,91062,Horse Carcass,rp_object,bloodborne_rp:horse_carcass,bloodborne_rp:horse_carcass_placer,529.0,64,-0.25,0,14.763,/function dw_gallery:visit/91062
91063,91063,Hunterlamp,rp_object,bloodborne_rp:hunterlamp,bloodborne_rp:hunterlamp_placer,538.0,64,-0.2,0,13.53,/function dw_gallery:visit/91063
91069,91069,Ladder,rp_object,bloodborne_rp:ladder,bloodborne_rp:ladder_placer,546.5547,64,-0.6406,0,-74.828,/function dw_gallery:visit/91069
91070,91070,Lamp Npc,rp_object,bloodborne_rp:lamp_npc,bloodborne_rp:lamp_npc_placer,556.0,64,-0.25,0,19.015,/function dw_gallery:visit/91070
91072,91072,Lever 1,rp_object,bloodborne_rp:lever_1,bloodborne_rp:lever_1_placer,564.0,64,-0.75,0,15.216,/function dw_gallery:visit/91072
91073,91073,Lever 2,rp_object,bloodborne_rp:lever_2,bloodborne_rp:lever_2_placer,572.0,64,-0.75,0,15.216,/function dw_gallery:visit/91073
91074,91074,Long Table,rp_object,bloodborne_rp:long_table,bloodborne_rp:long_table_placer,580.0,64,-0.75,0,15.216,/function dw_gallery:visit/91074
91075,91075,Main Gate,rp_object,bloodborne_rp:main_gate,bloodborne_rp:main_gate_placer,590.0,64,-0.375,0,-40.741,/function dw_gallery:visit/91075
91077,91077,Npc Window,rp_object,bloodborne_rp:npc_window,bloodborne_rp:npc_window_placer,599.6562,64,-0.3125,0,-5.605,/function dw_gallery:visit/91077
91078,91078,Odeon Tomb,rp_object,bloodborne_rp:odeon_tomb,bloodborne_rp:odeon_tomb_placer,609.0,64,-1.0,0,-45.614,/function dw_gallery:visit/91078
91080,91080,Ropes,rp_object,bloodborne_rp:ropes,bloodborne_rp:ropes_placer,619.0,64,-1.0,0,8.811,/function dw_gallery:visit/91080
91083,91083,Small Gate,rp_object,bloodborne_rp:small_gate,bloodborne_rp:small_gate_placer,628.0,64,-0.25,0,-17.989,/function dw_gallery:visit/91083
91085,91085,Smallcross,rp_object,bloodborne_rp:smallcross,bloodborne_rp:smallcross_placer,637.0,64,-0.25,0,-15.151,/function dw_gallery:visit/91085
91086,91086,Stairs,rp_object,bloodborne_rp:stairs,bloodborne_rp:stairs_placer,650.5625,64,-0.6875,0,-47.32,/function dw_gallery:visit/91086
91087,91087,Statue 1,rp_object,bloodborne_rp:statue_1,bloodborne_rp:statue_1_placer,665.0,64,-0.65,0,-30.266,/function dw_gallery:visit/91087
91088,91088,Trapdoor,rp_object,bloodborne_rp:trapdoor,bloodborne_rp:trapdoor_placer,675.0,64,-0.375,0,-5.548,/function dw_gallery:visit/91088
91089,91089,Tree1,rp_object,bloodborne_rp:tree1,bloodborne_rp:tree1_placer,685.0,64,-0.7,0,-26.935,/function dw_gallery:visit/91089
91090,91090,Tree2,rp_object,bloodborne_rp:tree2,bloodborne_rp:tree2_placer,693.0,64,-0.7,0,-26.935,/function dw_gallery:visit/91090
91091,91091,Tree3,rp_object,bloodborne_rp:tree3,bloodborne_rp:tree3_placer,701.0,64,-0.7,0,-26.935,/function dw_gallery:visit/91091
91093,91093,Wheelchair,rp_object,bloodborne_rp:wheelchair,bloodborne_rp:wheelchair_placer,709.0,64,-0.55,0,9.907,/function dw_gallery:visit/91093
91094,91094,Wood Gate,rp_object,bloodborne_rp:wood_gate,bloodborne_rp:wood_gate_placer,716.5,64,-0.9375,0,-22.032,/function dw_gallery:visit/91094
92001,92001,Blood Vial (optional healing),rp_item,bloodborne_rp:blood_vial,bloodborne_rp:blood_vial,723.5,64,-0.0625,0,17.597,/function dw_gallery:visit/92001
92002,92002,Boom Hammer,rp_item,bloodborne_rp:boom_hammer,bloodborne_rp:boom_hammer,730.5,64,-0.0625,0,17.597,/function dw_gallery:visit/92002
92003,92003,Saw Cleaver,rp_item,bloodborne_rp:saw_cleaver,bloodborne_rp:saw_cleaver,737.5,64,-0.0625,0,17.597,/function dw_gallery:visit/92003
92004,92004,Saw Spear,rp_item,bloodborne_rp:saw_spear,bloodborne_rp:saw_spear,744.5,64,-0.0625,0,17.597,/function dw_gallery:visit/92004
item_91002,91002,Blood Starved Beast,rp_item,bloodborne_rp:blood_starved_beast_spawn_egg,bloodborne_rp:blood_starved_beast_spawn_egg,751.5,64,-0.0625,0,17.597,/function dw_gallery:visit/item_91002
item_91004,91004,Brick Troll,rp_item,bloodborne_rp:brick_troll_spawn_egg,bloodborne_rp:brick_troll_spawn_egg,758.5,64,-0.0625,0,17.597,/function dw_gallery:visit/item_91004
item_91011,91011,Carrion Crow,rp_item,bloodborne_rp:carrion_crow_spawn_egg,bloodborne_rp:carrion_crow_spawn_egg,765.5,64,-0.0625,0,17.597,/function dw_gallery:visit/item_91011
item_91016,91016,Cleric Beast,rp_item,bloodborne_rp:cleric_beast_spawn_egg,bloodborne_rp:cleric_beast_spawn_egg,772.5,64,-0.0625,0,17.597,/function dw_gallery:visit/item_91016
item_91038,91038,Executioner,rp_item,bloodborne_rp:executioner_spawn_egg,bloodborne_rp:executioner_spawn_egg,779.5,64,-0.0625,0,17.597,/function dw_gallery:visit/item_91038
item_91059,91059,Giant Rat,rp_item,bloodborne_rp:giant_rat_spawn_egg,bloodborne_rp:giant_rat_spawn_egg,786.5,64,-0.0625,0,17.597,/function dw_gallery:visit/item_91059
item_91064,91064,Huntsman A,rp_item,bloodborne_rp:huntsman_a_spawn_egg,bloodborne_rp:huntsman_a_spawn_egg,793.5,64,-0.0625,0,17.597,/function dw_gallery:visit/item_91064
item_91065,91065,Huntsman B,rp_item,bloodborne_rp:huntsman_b_spawn_egg,bloodborne_rp:huntsman_b_spawn_egg,800.5,64,-0.0625,0,17.597,/function dw_gallery:visit/item_91065
item_91066,91066,Huntsman C,rp_item,bloodborne_rp:huntsman_c_spawn_egg,bloodborne_rp:huntsman_c_spawn_egg,807.5,64,-0.0625,0,17.597,/function dw_gallery:visit/item_91066
item_91067,91067,Huntsman D,rp_item,bloodborne_rp:huntsman_d_spawn_egg,bloodborne_rp:huntsman_d_spawn_egg,814.5,64,-0.0625,0,17.597,/function dw_gallery:visit/item_91067
item_91068,91068,Huntsman Wheelchair,rp_item,bloodborne_rp:huntsman_wheelchair_spawn_egg,bloodborne_rp:huntsman_wheelchair_spawn_egg,821.5,64,-0.0625,0,17.597,/function dw_gallery:visit/item_91068
item_91071,91071,Large Huntsman,rp_item,bloodborne_rp:large_huntsman_spawn_egg,bloodborne_rp:large_huntsman_spawn_egg,828.5,64,-0.0625,0,17.597,/function dw_gallery:visit/item_91071
item_91076,91076,Maneater Boar,rp_item,bloodborne_rp:maneater_boar_spawn_egg,bloodborne_rp:maneater_boar_spawn_egg,835.5,64,-0.0625,0,17.597,/function dw_gallery:visit/item_91076
item_91079,91079,Rabid Dog,rp_item,bloodborne_rp:rabid_dog_spawn_egg,bloodborne_rp:rabid_dog_spawn_egg,842.5,64,-0.0625,0,17.597,/function dw_gallery:visit/item_91079
item_91081,91081,Rotted Corpse,rp_item,bloodborne_rp:rotted_corpse_spawn_egg,bloodborne_rp:rotted_corpse_spawn_egg,849.5,64,-0.0625,0,17.597,/function dw_gallery:visit/item_91081
item_91082,91082,Scourge Beast,rp_item,bloodborne_rp:scourge_beast_spawn_egg,bloodborne_rp:scourge_beast_spawn_egg,856.5,64,-0.0625,0,17.597,/function dw_gallery:visit/item_91082
item_91084,91084,Small Rat,rp_item,bloodborne_rp:small_rat_spawn_egg,bloodborne_rp:small_rat_spawn_egg,863.5,64,-0.0625,0,17.597,/function dw_gallery:visit/item_91084
item_91092,91092,Vicar Amelia,rp_item,bloodborne_rp:vicar_amelia_spawn_egg,bloodborne_rp:vicar_amelia_spawn_egg,870.5,64,-0.0625,0,17.597,/function dw_gallery:visit/item_91092
npc_91016,91016,Cleric Beast,rp_mob,bloodborne_rp:cleric_beast,,878.5,64,-0.9,0,-20.327,/function dw_gallery:visit/npc_91016
npc_91092,91092,Vicar Amelia,rp_mob,bloodborne_rp:vicar_amelia,,887.5,64,-0.9,0,-8.148,/function dw_gallery:visit/npc_91092
npc_91002,91002,Blood Starved Beast,rp_mob,bloodborne_rp:blood_starved_beast,,896.5,64,-0.75,0,-0.067,/function dw_gallery:visit/npc_91002
npc_91082,91082,Scourge Beast,rp_mob,bloodborne_rp:scourge_beast,,905.5,64,-0.75,0,8.3,/function dw_gallery:visit/npc_91082
npc_91038,91038,Executioner,rp_mob,bloodborne_rp:executioner,,914.5,64,-0.25,0,5.635,/function dw_gallery:visit/npc_91038
npc_91064,91064,Huntsman A,rp_mob,bloodborne_rp:huntsman_a,,922.5,64,-1.0,0,6.035,/function dw_gallery:visit/npc_91064
npc_91065,91065,Huntsman B,rp_mob,bloodborne_rp:huntsman_b,,929.5,64,-1.0,0,6.035,/function dw_gallery:visit/npc_91065
npc_91066,91066,Huntsman C,rp_mob,bloodborne_rp:huntsman_c,,936.5,64,-1.0,0,6.035,/function dw_gallery:visit/npc_91066
npc_91067,91067,Huntsman D,rp_mob,bloodborne_rp:huntsman_d,,943.5,64,-1.0,0,6.035,/function dw_gallery:visit/npc_91067
npc_91068,91068,Huntsman Wheelchair,rp_mob,bloodborne_rp:huntsman_wheelchair,,950.5,64,-0.9,0,10.335,/function dw_gallery:visit/npc_91068
npc_91071,91071,Large Huntsman,rp_mob,bloodborne_rp:large_huntsman,,958.5,64,-0.125,0,-4.024,/function dw_gallery:visit/npc_91071
npc_91011,91011,Carrion Crow,rp_mob,bloodborne_rp:carrion_crow,,967.5,64,-0.25,0,16.629,/function dw_gallery:visit/npc_91011
npc_91059,91059,Giant Rat,rp_mob,bloodborne_rp:giant_rat,,976.5,64,-0.75,0,8.3,/function dw_gallery:visit/npc_91059
npc_91084,91084,Small Rat,rp_mob,bloodborne_rp:small_rat,,985.5,64,-0.25,0,13.062,/function dw_gallery:visit/npc_91084
npc_91079,91079,Rabid Dog,rp_mob,bloodborne_rp:rabid_dog,,994.5,64,-0.25,0,13.062,/function dw_gallery:visit/npc_91079
npc_91076,91076,Maneater Boar,rp_mob,bloodborne_rp:maneater_boar,,1004.5,64,-0.25,0,-4.574,/function dw_gallery:visit/npc_91076
npc_91004,91004,Brick Troll,rp_mob,bloodborne_rp:brick_troll,,1014.5,64,-0.25,0,5.635,/function dw_gallery:visit/npc_91004
npc_91081,91081,Rotted Corpse,rp_mob,bloodborne_rp:rotted_corpse,,1023.5,64,-0.75,0,8.3,/function dw_gallery:visit/npc_91081
