ID,Название,Registry,Категория,Высота,Сброс высоты,Шаг поворота,BASE ALT,Монтаж,Собаки,Открытие закрытие,Импульс,Связи,Фонарь,Число физических частей
90001,Входная дверь,bloodborne_dw:prototype_double_door,architecture,Да,Да,45,Да,Нет,Нет,Да,Нет,Да,Нет,
90002,Художественная ограда,bloodborne_dw:prototype_wall,architecture,Да,Да,90,Да,Нет,Нет,Нет,Нет,Нет,Нет,
90003,Наклонный кровельный модуль,bloodborne_dw:prototype_roof,architecture,Да,Да,45,Да,Нет,Нет,Нет,Нет,Нет,Нет,
90004,Тонкое остекление · window01,bloodborne_dw:prototype_thin_window,architecture,Да,Да,90,Да,Да,Нет,Нет,Нет,Нет,Нет,
90005,Плоское составное дерево,bloodborne_dw:prototype_tree,architecture,Да,Да,45,Да,Нет,Нет,Нет,Нет,Нет,Нет,
90006,Вертикальная деревянная лестница,bloodborne_dw:prototype_ladder,architecture,Да,Да,45,Да,Нет,Нет,Нет,Нет,Нет,Нет,
90007,Деревянные панели окна,bloodborne_dw:prototype_wood_window,architecture,Да,Да,45,Да,Нет,Нет,Нет,Нет,Нет,Нет,
90009,Строительный инструмент,bloodborne_dw:composite_builder,technical_tool,Нет,Нет,,Нет,Нет,Нет,Нет,Нет,Нет,Нет,
90010,Тонкое остекление · window02,bloodborne_dw:prototype_glass_window_02,architecture,Да,Да,90,Да,Да,Нет,Нет,Нет,Нет,Нет,
90011,Ограда · исходный материал 0,bloodborne_dw:prototype_wall_skin_0,architecture,Да,Да,45,Да,Нет,Нет,Нет,Нет,Нет,Нет,
90012,Ограда · исходный материал 1,bloodborne_dw:prototype_wall_skin_1,architecture,Да,Да,90,Нет,Нет,Нет,Нет,Нет,Нет,Нет,
90020,Тонкое остекление · window03,bloodborne_dw:prototype_glass_window_03,architecture,Да,Да,90,Да,Да,Нет,Нет,Нет,Нет,Нет,
91001,Babycart,bloodborne_rp:babycart,rp_object,Да,Да,45,Нет,Нет,Нет,Нет,Нет,Нет,Нет,1
91002,Blood Starved Beast,bloodborne_rp:blood_starved_beast,rp_mob,Нет,Нет,,Нет,Нет,Нет,Нет,Нет,Нет,Нет,
91003,Boat,bloodborne_rp:boat,rp_object,Да,Да,45,Нет,Нет,Нет,Нет,Нет,Нет,Нет,1
91004,Brick Troll,bloodborne_rp:brick_troll,rp_mob,Нет,Нет,,Нет,Нет,Нет,Нет,Нет,Нет,Нет,
91005,Cabriolet Closed,bloodborne_rp:cabriolet_closed,rp_object,Да,Да,45,Нет,Нет,Нет,Нет,Нет,Нет,Нет,1
91006,Cabriolet Open,bloodborne_rp:cabriolet_open,rp_object,Да,Да,45,Нет,Нет,Нет,Нет,Нет,Нет,Нет,1
91007,Cage Obj 1,bloodborne_rp:cage_obj_1,rp_object,Да,Да,45,Нет,Нет,Да,Нет,Нет,Нет,Нет,1
91008,Cage Obj 2,bloodborne_rp:cage_obj_2,rp_object,Да,Да,45,Нет,Нет,Да,Нет,Нет,Нет,Нет,1
91009,Cage Obj 3,bloodborne_rp:cage_obj_3,rp_object,Да,Да,45,Нет,Нет,Да,Нет,Нет,Нет,Нет,1
91010,Carriage,bloodborne_rp:carriage,rp_object,Да,Да,45,Нет,Нет,Нет,Нет,Нет,Нет,Нет,1
91011,Carrion Crow,bloodborne_rp:carrion_crow,rp_mob,Нет,Нет,,Нет,Нет,Нет,Нет,Нет,Нет,Нет,
91012,Chair,bloodborne_rp:chair,rp_object,Да,Да,45,Нет,Нет,Нет,Нет,Нет,Нет,Нет,1
91013,Chandelier Large,bloodborne_rp:chandelier_large,rp_object,Да,Да,45,Нет,Нет,Нет,Нет,Нет,Нет,Нет,1
91014,Chandelier Small,bloodborne_rp:chandelier_small,rp_object,Да,Да,45,Нет,Нет,Нет,Нет,Нет,Нет,Нет,0
91015,Chest,bloodborne_rp:chest,rp_object,Да,Да,45,Нет,Нет,Нет,Да,Нет,Да,Нет,1
91016,Cleric Beast,bloodborne_rp:cleric_beast,rp_mob,Нет,Нет,,Нет,Нет,Нет,Нет,Нет,Нет,Нет,
91017,Coffin 1,bloodborne_rp:coffin_1,rp_object,Да,Да,45,Нет,Нет,Нет,Нет,Нет,Нет,Нет,1
91018,Coffin 2,bloodborne_rp:coffin_2,rp_object,Да,Да,45,Нет,Нет,Нет,Нет,Нет,Нет,Нет,1
91019,Coffin 3,bloodborne_rp:coffin_3,rp_object,Да,Да,45,Нет,Нет,Нет,Нет,Нет,Нет,Нет,1
91020,Coffin Stand,bloodborne_rp:coffin_stand,rp_object,Да,Да,45,Нет,Нет,Нет,Нет,Нет,Нет,Нет,1
91021,Coffins 1,bloodborne_rp:coffins_1,rp_object,Да,Да,45,Нет,Нет,Нет,Нет,Нет,Нет,Нет,1
91022,Coffins 2,bloodborne_rp:coffins_2,rp_object,Да,Да,45,Нет,Нет,Нет,Нет,Нет,Нет,Нет,1
91023,Coffins 3,bloodborne_rp:coffins_3,rp_object,Да,Да,45,Нет,Нет,Нет,Нет,Нет,Нет,Нет,1
91024,Coffins 4,bloodborne_rp:coffins_4,rp_object,Да,Да,45,Нет,Нет,Нет,Нет,Нет,Нет,Нет,1
91025,Coffins 5,bloodborne_rp:coffins_5,rp_object,Да,Да,45,Нет,Нет,Нет,Нет,Нет,Нет,Нет,1
91026,Cross Beast,bloodborne_rp:cross_beast,rp_object,Да,Да,45,Нет,Нет,Нет,Нет,Нет,Нет,Нет,1
91027,Curtain Half,bloodborne_rp:curtain_half,rp_object,Да,Да,45,Нет,Нет,Нет,Нет,Нет,Нет,Нет,0
91028,Curtains,bloodborne_rp:curtains,rp_object,Да,Да,45,Нет,Нет,Нет,Нет,Нет,Нет,Нет,0
91029,Curtainsmall,bloodborne_rp:curtainsmall,rp_object,Да,Да,45,Нет,Нет,Нет,Нет,Нет,Нет,Нет,0
91030,Dog Cage,bloodborne_rp:dog_cage,rp_object,Да,Да,45,Нет,Нет,Нет,Нет,Нет,Нет,Нет,1
91031,Dog Cage1,bloodborne_rp:dog_cage1,rp_object,Да,Да,45,Нет,Нет,Нет,Нет,Нет,Нет,Нет,1
91032,Dog Cage2,bloodborne_rp:dog_cage2,rp_object,Да,Да,45,Нет,Нет,Нет,Нет,Нет,Нет,Нет,1
91033,Dog Cage3,bloodborne_rp:dog_cage3,rp_object,Да,Да,45,Нет,Нет,Нет,Нет,Нет,Нет,Нет,1
91034,Door 1,bloodborne_rp:door_1,rp_object,Да,Да,45,Нет,Нет,Нет,Да,Нет,Да,Нет,1
91035,Door 2,bloodborne_rp:door_2,rp_object,Да,Да,45,Нет,Нет,Нет,Да,Нет,Да,Нет,1
91036,Door Empty,bloodborne_rp:door_empty,rp_object,Да,Да,45,Нет,Нет,Нет,Нет,Нет,Нет,Нет,0
91037,Elevator,bloodborne_rp:elevator,rp_object,Да,Да,45,Нет,Нет,Нет,Нет,Нет,Нет,Нет,1
91038,Executioner,bloodborne_rp:executioner,rp_mob,Нет,Нет,,Нет,Нет,Нет,Нет,Нет,Нет,Нет,
91039,Furniture 1,bloodborne_rp:furniture_1,rp_object,Да,Да,45,Нет,Нет,Нет,Нет,Нет,Нет,Нет,1
91040,Furniture 10,bloodborne_rp:furniture_10,rp_object,Да,Да,45,Нет,Нет,Нет,Нет,Нет,Нет,Нет,1
91041,Furniture 11,bloodborne_rp:furniture_11,rp_object,Да,Да,45,Нет,Нет,Нет,Нет,Нет,Нет,Нет,1
91042,Furniture 12,bloodborne_rp:furniture_12,rp_object,Да,Да,45,Нет,Нет,Нет,Нет,Нет,Нет,Нет,1
91043,Furniture 13,bloodborne_rp:furniture_13,rp_object,Да,Да,45,Нет,Нет,Нет,Нет,Нет,Нет,Нет,1
91044,Furniture 14,bloodborne_rp:furniture_14,rp_object,Да,Да,45,Нет,Нет,Нет,Нет,Нет,Нет,Нет,1
91045,Furniture 15,bloodborne_rp:furniture_15,rp_object,Да,Да,45,Нет,Нет,Нет,Нет,Нет,Нет,Нет,1
91046,Furniture 16,bloodborne_rp:furniture_16,rp_object,Да,Да,45,Нет,Нет,Нет,Нет,Нет,Нет,Нет,1
91047,Furniture 2,bloodborne_rp:furniture_2,rp_object,Да,Да,45,Нет,Нет,Нет,Нет,Нет,Нет,Нет,1
91055,Furniture Books,bloodborne_rp:furniture_books,rp_object,Да,Да,45,Нет,Нет,Нет,Нет,Нет,Нет,Нет,1
91056,Furniture Cabinet Pantry,bloodborne_rp:furniture_cabinet_pantry,rp_object,Да,Да,45,Нет,Нет,Нет,Нет,Нет,Нет,Нет,1
91057,Furniture Pantry,bloodborne_rp:furniture_pantry,rp_object,Да,Да,45,Нет,Нет,Нет,Нет,Нет,Нет,Нет,1
91058,Gate Empty,bloodborne_rp:gate_empty,rp_object,Да,Да,45,Нет,Нет,Нет,Нет,Нет,Нет,Нет,0
91059,Giant Rat,bloodborne_rp:giant_rat,rp_mob,Нет,Нет,,Нет,Нет,Нет,Нет,Нет,Нет,Нет,
91060,Hearse,bloodborne_rp:hearse,rp_object,Да,Да,45,Нет,Нет,Нет,Нет,Нет,Нет,Нет,1
91061,Hook,bloodborne_rp:hook,rp_object,Да,Да,45,Нет,Нет,Нет,Нет,Нет,Нет,Нет,1
91062,Horse Carcass,bloodborne_rp:horse_carcass,rp_object,Да,Да,45,Нет,Нет,Нет,Нет,Нет,Нет,Нет,1
91063,Hunterlamp,bloodborne_rp:hunterlamp,rp_object,Да,Да,45,Нет,Нет,Нет,Нет,Нет,Да,Да,1
91064,Huntsman A,bloodborne_rp:huntsman_a,rp_mob,Нет,Нет,,Нет,Нет,Нет,Нет,Нет,Нет,Нет,
91065,Huntsman B,bloodborne_rp:huntsman_b,rp_mob,Нет,Нет,,Нет,Нет,Нет,Нет,Нет,Нет,Нет,
91066,Huntsman C,bloodborne_rp:huntsman_c,rp_mob,Нет,Нет,,Нет,Нет,Нет,Нет,Нет,Нет,Нет,
91067,Huntsman D,bloodborne_rp:huntsman_d,rp_mob,Нет,Нет,,Нет,Нет,Нет,Нет,Нет,Нет,Нет,
91068,Huntsman Wheelchair,bloodborne_rp:huntsman_wheelchair,rp_mob,Нет,Нет,,Нет,Нет,Нет,Нет,Нет,Нет,Нет,
91069,Ladder,bloodborne_rp:ladder,rp_object,Да,Да,45,Нет,Нет,Нет,Да,Нет,Да,Нет,3
91070,Lamp Npc,bloodborne_rp:lamp_npc,rp_object,Да,Да,45,Нет,Нет,Нет,Нет,Нет,Нет,Нет,1
91071,Large Huntsman,bloodborne_rp:large_huntsman,rp_mob,Нет,Нет,,Нет,Нет,Нет,Нет,Нет,Нет,Нет,
91072,Lever 1,bloodborne_rp:lever_1,rp_object,Да,Да,45,Нет,Нет,Нет,Нет,Нет,Да,Нет,1
91073,Lever 2,bloodborne_rp:lever_2,rp_object,Да,Да,45,Нет,Нет,Нет,Нет,Нет,Да,Нет,1
91074,Long Table,bloodborne_rp:long_table,rp_object,Да,Да,45,Нет,Нет,Нет,Нет,Нет,Нет,Нет,1
91075,Main Gate,bloodborne_rp:main_gate,rp_object,Да,Да,45,Нет,Нет,Нет,Да,Нет,Да,Нет,1
91076,Maneater Boar,bloodborne_rp:maneater_boar,rp_mob,Нет,Нет,,Нет,Нет,Нет,Нет,Нет,Нет,Нет,
91077,Npc Window,bloodborne_rp:npc_window,rp_object,Да,Да,45,Нет,Нет,Нет,Нет,Нет,Нет,Нет,1
91078,Odeon Tomb,bloodborne_rp:odeon_tomb,rp_object,Да,Да,45,Нет,Нет,Нет,Нет,Нет,Нет,Нет,1
91079,Rabid Dog,bloodborne_rp:rabid_dog,rp_mob,Нет,Нет,,Нет,Нет,Нет,Нет,Нет,Нет,Нет,
91080,Ropes,bloodborne_rp:ropes,rp_object,Да,Да,45,Нет,Нет,Нет,Нет,Нет,Нет,Нет,1
91081,Rotted Corpse,bloodborne_rp:rotted_corpse,rp_mob,Нет,Нет,,Нет,Нет,Нет,Нет,Нет,Нет,Нет,
91082,Scourge Beast,bloodborne_rp:scourge_beast,rp_mob,Нет,Нет,,Нет,Нет,Нет,Нет,Нет,Нет,Нет,
91083,Small Gate,bloodborne_rp:small_gate,rp_object,Да,Да,45,Нет,Нет,Нет,Да,Нет,Да,Нет,1
91084,Small Rat,bloodborne_rp:small_rat,rp_mob,Нет,Нет,,Нет,Нет,Нет,Нет,Нет,Нет,Нет,
91085,Smallcross,bloodborne_rp:smallcross,rp_object,Да,Да,45,Нет,Нет,Нет,Нет,Нет,Нет,Нет,1
91086,Stairs,bloodborne_rp:stairs,rp_object,Да,Да,45,Нет,Нет,Нет,Нет,Нет,Нет,Нет,26
91087,Statue 1,bloodborne_rp:statue_1,rp_object,Да,Да,45,Нет,Нет,Нет,Нет,Нет,Нет,Нет,1
91088,Trapdoor,bloodborne_rp:trapdoor,rp_object,Да,Да,45,Нет,Нет,Нет,Нет,Нет,Нет,Нет,0
91089,Tree1,bloodborne_rp:tree1,rp_object,Да,Да,45,Нет,Нет,Нет,Нет,Нет,Нет,Нет,1
91090,Tree2,bloodborne_rp:tree2,rp_object,Да,Да,45,Нет,Нет,Нет,Нет,Нет,Нет,Нет,1
91091,Tree3,bloodborne_rp:tree3,rp_object,Да,Да,45,Нет,Нет,Нет,Нет,Нет,Нет,Нет,1
91092,Vicar Amelia,bloodborne_rp:vicar_amelia,rp_mob,Нет,Нет,,Нет,Нет,Нет,Нет,Нет,Нет,Нет,
91093,Wheelchair,bloodborne_rp:wheelchair,rp_object,Да,Да,45,Нет,Нет,Нет,Нет,Нет,Нет,Нет,1
91094,Wood Gate,bloodborne_rp:wood_gate,rp_object,Да,Да,45,Нет,Нет,Нет,Нет,Да,Да,Нет,1
92001,Blood Vial (optional healing),bloodborne_rp:blood_vial,rp_item,Нет,Нет,,Нет,Нет,Нет,Нет,Нет,Нет,Нет,
92002,Boom Hammer,bloodborne_rp:boom_hammer,rp_item,Нет,Нет,,Нет,Нет,Нет,Нет,Нет,Нет,Нет,
92003,Saw Cleaver,bloodborne_rp:saw_cleaver,rp_item,Нет,Нет,,Нет,Нет,Нет,Нет,Нет,Нет,Нет,
92004,Saw Spear,bloodborne_rp:saw_spear,rp_item,Нет,Нет,,Нет,Нет,Нет,Нет,Нет,Нет,Нет,
